,schedule_season,schedule_week,team_home,score_home,score_away,team_away,team_favorite_id,favorite_win,home_win
0,2013,1,DEN,49,27,BAL,DEN,1,1
1,2013,1,BUF,21,23,NE,NE,1,0
2,2013,1,CAR,7,12,SEA,SEA,1,0
3,2013,1,CHI,24,21,CIN,CHI,1,1
4,2013,1,CLE,10,23,MIA,CLE,0,0
5,2013,1,DAL,36,31,NYG,DAL,1,1
6,2013,1,DET,34,24,MIN,DET,1,1
7,2013,1,IND,21,17,LVR,IND,1,1
8,2013,1,JAX,2,28,KC,KC,1,0
9,2013,1,NO,23,17,ATL,NO,1,1
10,2013,1,NYJ,18,17,TB,TB,0,1
11,2013,1,PIT,9,16,TEN,PIT,0,0
12,2013,1,SF,34,28,GB,SF,1,1
13,2013,1,LAR,27,24,ARI,LAR,1,1
14,2013,1,LAC,28,31,HOU,HOU,1,0
15,2013,1,WAS,27,33,PHI,WAS,0,0
16,2013,2,NE,13,10,NYJ,NE,1,1
17,2013,2,ARI,25,21,DET,DET,0,1
18,2013,2,ATL,31,24,LAR,ATL,1,1
19,2013,2,BAL,14,6,CLE,BAL,1,1
20,2013,2,BUF,24,23,CAR,CAR,0,1
21,2013,2,CHI,31,30,MIN,CHI,1,1
22,2013,2,GB,38,20,WAS,GB,1,1
23,2013,2,HOU,30,24,TEN,HOU,1,1
24,2013,2,IND,20,24,MIA,IND,0,0
25,2013,2,KC,17,16,DAL,KC,1,1
26,2013,2,NYG,23,41,DEN,DEN,1,0
27,2013,2,LVR,19,9,JAX,LVR,1,1
28,2013,2,PHI,30,33,LAC,PHI,0,0
29,2013,2,SEA,29,3,SF,SEA,1,1
30,2013,2,TB,14,16,NO,NO,1,0
31,2013,2,CIN,20,10,PIT,CIN,1,1
32,2013,3,PHI,16,26,KC,PHI,0,0
33,2013,3,BAL,30,9,HOU,HOU,0,1
34,2013,3,CAR,38,0,NYG,NYG,0,1
35,2013,3,CIN,34,30,GB,GB,0,1
36,2013,3,DAL,31,7,LAR,DAL,1,1
37,2013,3,MIA,27,23,ATL,MIA,1,1
38,2013,3,MIN,27,31,CLE,MIN,0,0
39,2013,3,NE,23,3,TB,NE,1,1
40,2013,3,NO,31,7,ARI,NO,1,1
41,2013,3,NYJ,27,20,BUF,NYJ,1,1
42,2013,3,PIT,23,40,CHI,CHI,1,0
43,2013,3,SF,7,27,IND,SF,0,0
44,2013,3,SEA,45,17,JAX,SEA,1,1
45,2013,3,TEN,20,17,LAC,TEN,1,1
46,2013,3,WAS,20,27,DET,DET,1,0
47,2013,3,DEN,37,21,LVR,DEN,1,1
48,2013,4,LAR,11,35,SF,SF,1,0
49,2013,4,ATL,23,30,NE,ATL,0,0
50,2013,4,BUF,23,20,BAL,BAL,0,1
51,2013,4,CLE,17,6,CIN,CIN,0,1
52,2013,4,DEN,52,20,PHI,DEN,1,1
53,2013,4,DET,40,32,CHI,DET,1,1
54,2013,4,HOU,20,23,SEA,SEA,1,0
55,2013,4,JAX,3,37,IND,IND,1,0
56,2013,4,KC,31,7,NYG,KC,1,1
57,2013,4,MIN,34,27,PIT,PIT,0,1
58,2013,4,LVR,14,24,WAS,WAS,1,0
59,2013,4,LAC,30,21,DAL,DAL,0,1
60,2013,4,TB,10,13,ARI,TB,0,0
61,2013,4,TEN,38,13,NYJ,TEN,1,1
62,2013,4,NO,38,17,MIA,NO,1,1
63,2013,5,CLE,37,24,BUF,CLE,1,1
64,2013,5,ARI,22,6,CAR,CAR,0,1
65,2013,5,CHI,18,26,NO,NO,1,0
66,2013,5,CIN,13,6,NE,NE,0,1
67,2013,5,DAL,48,51,DEN,DEN,1,0
68,2013,5,GB,22,9,DET,GB,1,1
69,2013,5,IND,34,28,SEA,SEA,0,1
70,2013,5,MIA,23,26,BAL,MIA,0,0
71,2013,5,NYG,21,36,PHI,NYG,0,0
72,2013,5,LVR,27,17,LAC,LAC,0,1
73,2013,5,SF,34,3,HOU,SF,1,1
74,2013,5,LAR,34,20,JAX,LAR,1,1
75,2013,5,TEN,17,26,KC,KC,1,0
76,2013,5,ATL,28,30,NYJ,ATL,0,0
77,2013,6,CHI,27,21,NYG,CHI,1,1
78,2013,6,BAL,17,19,GB,GB,1,0
79,2013,6,BUF,24,27,CIN,CIN,1,0
80,2013,6,CLE,17,31,DET,DET,1,0
81,2013,6,DAL,31,16,WAS,DAL,1,1
82,2013,6,DEN,35,19,JAX,DEN,1,1
83,2013,6,HOU,13,38,LAR,HOU,0,0
84,2013,6,KC,24,7,LVR,KC,1,1
85,2013,6,MIN,10,35,CAR,MIN,0,0
86,2013,6,NE,30,27,NO,NE,1,1
87,2013,6,NYJ,6,19,PIT,PIT,1,0
88,2013,6,SF,32,20,ARI,SF,1,1
89,2013,6,SEA,20,13,TEN,SEA,1,1
90,2013,6,TB,20,31,PHI,PHI,1,0
91,2013,6,LAC,19,9,IND,PICK,0,1
92,2013,7,ARI,22,34,SEA,SEA,1,0
93,2013,7,ATL,31,23,TB,ATL,1,1
94,2013,7,CAR,30,15,LAR,CAR,1,1
95,2013,7,DET,24,27,CIN,DET,0,0
96,2013,7,GB,31,13,CLE,GB,1,1
97,2013,7,IND,39,33,DEN,DEN,0,1
98,2013,7,JAX,6,24,LAC,LAC,1,0
99,2013,7,KC,17,16,HOU,KC,1,1
100,2013,7,MIA,21,23,BUF,MIA,0,0
101,2013,7,NYJ,30,27,NE,NE,0,1
102,2013,7,PHI,3,17,DAL,PHI,0,0
103,2013,7,PIT,19,16,BAL,PIT,1,1
104,2013,7,TEN,17,31,SF,SF,1,0
105,2013,7,WAS,45,41,CHI,CHI,0,1
106,2013,7,NYG,23,7,MIN,NYG,1,1
107,2013,8,TB,13,31,CAR,CAR,1,0
108,2013,8,ARI,27,13,ATL,ARI,1,1
109,2013,8,CIN,49,9,NYJ,CIN,1,1
110,2013,8,DEN,45,21,WAS,DEN,1,1
111,2013,8,DET,31,30,DAL,DET,1,1
112,2013,8,JAX,10,42,SF,SF,1,0
113,2013,8,KC,23,17,CLE,KC,1,1
114,2013,8,MIN,31,44,GB,GB,1,0
115,2013,8,NE,27,17,MIA,NE,1,1
116,2013,8,NO,35,17,BUF,NO,1,1
117,2013,8,LVR,21,18,PIT,PIT,0,1
118,2013,8,PHI,7,15,NYG,PHI,0,0
119,2013,8,LAR,9,14,SEA,SEA,1,0
120,2013,9,MIA,22,20,CIN,CIN,0,1
121,2013,9,BUF,13,23,KC,KC,1,0
122,2013,9,CAR,34,10,ATL,CAR,1,1
123,2013,9,CLE,24,18,BAL,BAL,0,1
124,2013,9,DAL,27,23,MIN,DAL,1,1
125,2013,9,HOU,24,27,IND,IND,1,0
126,2013,9,NE,55,31,PIT,NE,1,1
127,2013,9,NYJ,26,20,NO,NO,0,1
128,2013,9,LVR,20,49,PHI,LVR,0,0
129,2013,9,SEA,27,24,TB,SEA,1,1
130,2013,9,LAR,21,28,TEN,TEN,1,0
131,2013,9,WAS,30,24,LAC,PICK,0,1
132,2013,9,GB,20,27,CHI,GB,0,0
133,2013,10,MIN,34,27,WAS,WAS,0,1
134,2013,10,ARI,27,24,HOU,ARI,1,1
135,2013,10,ATL,10,33,SEA,SEA,1,0
136,2013,10,BAL,20,17,CIN,BAL,1,1
137,2013,10,CHI,19,21,DET,DET,1,0
138,2013,10,GB,13,27,PHI,PHI,1,0
139,2013,10,IND,8,38,LAR,IND,0,0
140,2013,10,NO,49,17,DAL,NO,1,1
141,2013,10,NYG,24,20,LVR,NYG,1,1
142,2013,10,PIT,23,10,BUF,PIT,1,1
143,2013,10,LAC,20,28,DEN,DEN,1,0
144,2013,10,SF,9,10,CAR,SF,0,0
145,2013,10,TEN,27,29,JAX,TEN,0,0
146,2013,10,TB,22,19,MIA,MIA,0,1
147,2013,11,TEN,27,30,IND,IND,1,0
148,2013,11,BUF,37,14,NYJ,NYJ,0,1
149,2013,11,CHI,23,20,BAL,CHI,1,1
150,2013,11,CIN,41,20,CLE,CIN,1,1
151,2013,11,DEN,27,17,KC,DEN,1,1
152,2013,11,HOU,23,28,LVR,HOU,0,0
153,2013,11,JAX,14,27,ARI,ARI,1,0
154,2013,11,MIA,20,16,LAC,LAC,0,1
155,2013,11,NO,23,20,SF,NO,1,1
156,2013,11,NYG,27,13,GB,NYG,1,1
157,2013,11,PHI,24,16,WAS,PHI,1,1
158,2013,11,PIT,37,27,DET,DET,0,1
159,2013,11,SEA,41,20,MIN,SEA,1,1
160,2013,11,TB,41,28,ATL,TB,1,1
161,2013,11,CAR,24,20,NE,CAR,1,1
162,2013,12,ATL,13,17,NO,NO,1,0
163,2013,12,ARI,40,11,IND,ARI,1,1
164,2013,12,BAL,19,3,NYJ,BAL,1,1
165,2013,12,CLE,11,27,PIT,CLE,0,0
166,2013,12,DET,21,24,TB,DET,0,0
167,2013,12,GB,26,26,MIN,GB,0,0
168,2013,12,HOU,6,13,JAX,HOU,0,0
169,2013,12,KC,38,41,LAC,KC,0,0
170,2013,12,MIA,16,20,CAR,CAR,1,0
171,2013,12,NE,34,31,DEN,DEN,0,1
172,2013,12,NYG,21,24,DAL,NYG,0,0
173,2013,12,LVR,19,23,TEN,TEN,1,0
174,2013,12,LAR,42,21,CHI,LAR,1,1
175,2013,12,WAS,6,27,SF,SF,1,0
176,2013,13,BAL,22,20,PIT,BAL,1,1
177,2013,13,DAL,31,24,LVR,DAL,1,1
178,2013,13,DET,40,10,GB,DET,1,1
179,2013,13,BUF,31,34,ATL,BUF,0,0
180,2013,13,CAR,27,6,TB,CAR,1,1
181,2013,13,CLE,28,32,JAX,CLE,0,0
182,2013,13,HOU,31,34,NE,NE,1,0
183,2013,13,IND,22,14,TEN,IND,1,1
184,2013,13,KC,28,35,DEN,DEN,1,0
185,2013,13,MIN,23,20,CHI,MIN,1,1
186,2013,13,NYJ,3,23,MIA,NYJ,0,0
187,2013,13,PHI,24,21,ARI,PHI,1,1
188,2013,13,LAC,10,17,CIN,CIN,1,0
189,2013,13,SF,23,13,LAR,SF,1,1
190,2013,13,WAS,17,24,NYG,WAS,0,0
191,2013,13,SEA,34,7,NO,SEA,1,1
192,2013,14,JAX,27,20,HOU,HOU,0,1
193,2013,14,ARI,30,10,LAR,ARI,1,1
194,2013,14,BAL,29,26,MIN,BAL,1,1
195,2013,14,CIN,42,28,IND,CIN,1,1
196,2013,14,DEN,51,28,TEN,DEN,1,1
197,2013,14,GB,22,21,ATL,GB,1,1
198,2013,14,NE,27,26,CLE,NE,1,1
199,2013,14,NO,31,13,CAR,NO,1,1
200,2013,14,NYJ,37,27,LVR,NYJ,1,1
201,2013,14,PHI,34,20,DET,PHI,1,1
202,2013,14,PIT,28,34,MIA,PIT,0,0
203,2013,14,LAC,37,14,NYG,LAC,1,1
204,2013,14,SF,19,17,SEA,SF,1,1
205,2013,14,TB,27,6,BUF,TB,1,1
206,2013,14,WAS,10,45,KC,KC,1,0
207,2013,14,CHI,45,28,DAL,CHI,1,1
208,2013,15,DEN,20,27,LAC,DEN,0,0
209,2013,15,ATL,27,26,WAS,ATL,1,1
210,2013,15,CAR,30,20,NYJ,CAR,1,1
211,2013,15,CLE,31,38,CHI,CLE,0,0
212,2013,15,DAL,36,37,GB,DAL,0,0
213,2013,15,IND,25,3,HOU,IND,1,1
214,2013,15,JAX,20,27,BUF,BUF,1,0
215,2013,15,MIA,24,20,NE,MIA,1,1
216,2013,15,MIN,48,30,PHI,PHI,0,1
217,2013,15,NYG,0,23,SEA,SEA,1,0
218,2013,15,LVR,31,56,KC,KC,1,0
219,2013,15,PIT,30,20,CIN,CIN,0,1
220,2013,15,LAR,27,16,NO,NO,0,1
221,2013,15,TB,14,33,SF,SF,1,0
222,2013,15,TEN,34,37,ARI,ARI,1,0
223,2013,15,DET,16,18,BAL,DET,0,0
224,2013,16,BAL,7,41,NE,BAL,0,0
225,2013,16,BUF,19,0,MIA,MIA,0,1
226,2013,16,CAR,17,13,NO,CAR,1,1
227,2013,16,CIN,42,14,MIN,CIN,1,1
228,2013,16,DET,20,23,NYG,DET,0,0
229,2013,16,GB,31,38,PIT,GB,0,0
230,2013,16,HOU,13,37,DEN,DEN,1,0
231,2013,16,JAX,16,20,TEN,TEN,1,0
232,2013,16,KC,7,23,IND,KC,0,0
233,2013,16,NYJ,24,13,CLE,NYJ,1,1
234,2013,16,PHI,54,11,CHI,PHI,1,1
235,2013,16,LAC,26,13,LVR,LAC,1,1
236,2013,16,SEA,10,17,ARI,SEA,0,0
237,2013,16,LAR,23,13,TB,LAR,1,1
238,2013,16,WAS,23,24,DAL,DAL,1,0
239,2013,16,SF,34,24,ATL,SF,1,1
240,2013,17,ARI,20,23,SF,ARI,0,0
241,2013,17,ATL,20,21,CAR,CAR,1,0
242,2013,17,CHI,28,33,GB,GB,1,0
243,2013,17,CIN,34,17,BAL,CIN,1,1
244,2013,17,DAL,22,24,PHI,PHI,1,0
245,2013,17,IND,30,10,JAX,IND,1,1
246,2013,17,MIA,7,20,NYJ,MIA,0,0
247,2013,17,MIN,14,13,DET,DET,0,1
248,2013,17,NE,34,20,BUF,NE,1,1
249,2013,17,NO,42,17,TB,NO,1,1
250,2013,17,NYG,20,6,WAS,NYG,1,1
251,2013,17,LVR,14,34,DEN,DEN,1,0
252,2013,17,PIT,20,7,CLE,PIT,1,1
253,2013,17,LAC,27,24,KC,LAC,1,1
254,2013,17,SEA,27,9,LAR,SEA,1,1
255,2013,17,TEN,16,10,HOU,TEN,1,1
256,2013,Wildcard,IND,45,44,KC,KC,0,1
257,2013,Wildcard,PHI,24,26,NO,PHI,0,0
258,2013,Wildcard,CIN,10,27,LAC,CIN,0,0
259,2013,Wildcard,GB,20,23,SF,SF,1,0
260,2013,Division,NE,43,22,IND,NE,1,1
261,2013,Division,SEA,23,15,NO,SEA,1,1
262,2013,Division,CAR,10,23,SF,SF,1,0
263,2013,Division,DEN,24,17,LAC,DEN,1,1
264,2013,Conference,DEN,26,16,NE,DEN,1,1
265,2013,Conference,SEA,23,17,SF,SEA,1,1
266,2013,Superbowl,DEN,8,43,SEA,DEN,0,0
267,2014,1,SEA,36,16,GB,SEA,1,1
268,2014,1,ATL,37,34,NO,NO,0,1
269,2014,1,BAL,16,23,CIN,BAL,0,0
270,2014,1,CHI,20,23,BUF,CHI,0,0
271,2014,1,DAL,17,28,SF,SF,1,0
272,2014,1,DEN,31,24,IND,DEN,1,1
273,2014,1,HOU,17,6,WAS,HOU,1,1
274,2014,1,KC,10,26,TEN,KC,0,0
275,2014,1,MIA,33,20,NE,NE,0,1
276,2014,1,NYJ,19,14,LVR,NYJ,1,1
277,2014,1,PHI,34,17,JAX,PHI,1,1
278,2014,1,PIT,30,27,CLE,PIT,1,1
279,2014,1,LAR,6,34,MIN,LAR,0,0
280,2014,1,TB,14,20,CAR,TB,0,0
281,2014,1,ARI,18,17,LAC,ARI,1,1
282,2014,1,DET,35,14,NYG,DET,1,1
283,2014,2,BAL,26,6,PIT,BAL,1,1
284,2014,2,BUF,29,10,MIA,BUF,1,1
285,2014,2,CAR,24,7,DET,CAR,1,1
286,2014,2,CIN,24,10,ATL,CIN,1,1
287,2014,2,CLE,26,24,NO,NO,0,1
288,2014,2,DEN,24,17,KC,DEN,1,1
289,2014,2,GB,31,24,NYJ,GB,1,1
290,2014,2,MIN,7,30,NE,NE,1,0
291,2014,2,NYG,14,25,ARI,NYG,0,0
292,2014,2,LVR,14,30,HOU,HOU,1,0
293,2014,2,LAC,30,21,SEA,SEA,0,1
294,2014,2,SF,20,28,CHI,SF,0,0
295,2014,2,TB,17,19,LAR,TB,0,0
296,2014,2,TEN,10,26,DAL,TEN,0,0
297,2014,2,WAS,41,10,JAX,WAS,1,1
298,2014,2,IND,27,30,PHI,IND,0,0
299,2014,3,ATL,56,14,TB,ATL,1,1
300,2014,3,ARI,23,14,SF,SF,0,1
301,2014,3,BUF,10,22,LAC,BUF,0,0
302,2014,3,CAR,19,37,PIT,CAR,0,0
303,2014,3,CIN,33,7,TEN,CIN,1,1
304,2014,3,CLE,21,23,BAL,BAL,1,0
305,2014,3,DET,19,7,GB,DET,1,1
306,2014,3,JAX,17,44,IND,IND,1,0
307,2014,3,MIA,15,34,KC,MIA,0,0
308,2014,3,NE,16,9,LVR,NE,1,1
309,2014,3,NO,20,9,MIN,NO,1,1
310,2014,3,NYG,30,17,HOU,NYG,1,1
311,2014,3,PHI,37,34,WAS,PHI,1,1
312,2014,3,SEA,26,20,DEN,SEA,1,1
313,2014,3,LAR,31,34,DAL,DAL,1,0
314,2014,3,NYJ,19,27,CHI,NYJ,0,0
315,2014,4,WAS,14,45,NYG,WAS,0,0
316,2014,4,BAL,38,10,CAR,BAL,1,1
317,2014,4,CHI,17,38,GB,GB,1,0
318,2014,4,DAL,38,17,NO,NO,0,1
319,2014,4,HOU,23,17,BUF,HOU,1,1
320,2014,4,IND,41,17,TEN,IND,1,1
321,2014,4,MIN,41,28,ATL,ATL,0,1
322,2014,4,NYJ,17,24,DET,NYJ,0,0
323,2014,4,LVR,14,38,MIA,MIA,1,0
324,2014,4,PIT,24,27,TB,PIT,0,0
325,2014,4,LAC,33,14,JAX,LAC,1,1
326,2014,4,SF,26,21,PHI,SF,1,1
327,2014,4,KC,41,14,NE,NE,0,1
328,2014,5,GB,42,10,MIN,GB,1,1
329,2014,5,CAR,31,24,CHI,CAR,1,1
330,2014,5,DAL,20,17,HOU,DAL,1,1
331,2014,5,DEN,41,20,ARI,DEN,1,1
332,2014,5,DET,14,17,BUF,DET,0,0
333,2014,5,IND,20,13,BAL,IND,1,1
334,2014,5,JAX,9,17,PIT,PIT,1,0
335,2014,5,NE,43,17,CIN,CIN,0,1
336,2014,5,NO,37,31,TB,NO,1,1
337,2014,5,NYG,30,20,ATL,NYG,1,1
338,2014,5,PHI,34,28,LAR,PHI,1,1
339,2014,5,LAC,31,0,NYJ,LAC,1,1
340,2014,5,SF,22,17,KC,SF,1,1
341,2014,5,TEN,28,29,CLE,CLE,1,0
342,2014,5,WAS,17,27,SEA,SEA,1,0
343,2014,6,HOU,28,33,IND,IND,1,0
344,2014,6,ARI,30,20,WAS,ARI,1,1
345,2014,6,ATL,13,27,CHI,ATL,0,0
346,2014,6,BUF,22,37,NE,BUF,0,0
347,2014,6,CIN,37,37,CAR,CIN,0,0
348,2014,6,CLE,31,10,PIT,CLE,1,1
349,2014,6,MIA,24,27,GB,GB,1,0
350,2014,6,MIN,3,17,DET,MIN,0,0
351,2014,6,NYJ,17,31,DEN,DEN,1,0
352,2014,6,LVR,28,31,LAC,LAC,1,0
353,2014,6,PHI,27,0,NYG,PHI,1,1
354,2014,6,SEA,23,30,DAL,SEA,0,0
355,2014,6,TB,17,48,BAL,BAL,1,0
356,2014,6,TEN,16,14,JAX,TEN,1,1
357,2014,6,LAR,17,31,SF,SF,1,0
358,2014,7,NE,27,25,NYJ,NE,1,1
359,2014,7,BAL,29,7,ATL,BAL,1,1
360,2014,7,BUF,17,16,MIN,BUF,1,1
361,2014,7,CHI,14,27,MIA,CHI,0,0
362,2014,7,DAL,31,21,NYG,DAL,1,1
363,2014,7,DEN,42,17,SF,DEN,1,1
364,2014,7,DET,24,23,NO,DET,1,1
365,2014,7,GB,38,17,CAR,GB,1,1
366,2014,7,IND,27,0,CIN,IND,1,1
367,2014,7,JAX,24,6,CLE,CLE,0,1
368,2014,7,LVR,13,24,ARI,ARI,1,0
369,2014,7,LAC,20,23,KC,LAC,0,0
370,2014,7,LAR,28,26,SEA,SEA,0,1
371,2014,7,WAS,19,17,TEN,WAS,1,1
372,2014,7,PIT,30,23,HOU,PIT,1,1
373,2014,8,DEN,35,21,LAC,DEN,1,1
374,2014,8,ARI,24,20,PHI,ARI,1,1
375,2014,8,ATL,21,22,DET,DET,1,0
376,2014,8,CAR,9,13,SEA,SEA,1,0
377,2014,8,CIN,27,24,BAL,BAL,0,1
378,2014,8,CLE,23,13,LVR,CLE,1,1
379,2014,8,JAX,13,27,MIA,MIA,1,0
380,2014,8,KC,34,7,LAR,KC,1,1
381,2014,8,NE,51,23,CHI,NE,1,1
382,2014,8,NO,44,23,GB,NO,1,1
383,2014,8,NYJ,23,43,BUF,NYJ,0,0
384,2014,8,PIT,51,34,IND,IND,0,1
385,2014,8,TB,13,19,MIN,TB,0,0
386,2014,8,TEN,16,30,HOU,HOU,1,0
387,2014,8,DAL,17,20,WAS,DAL,0,0
388,2014,9,CAR,10,28,NO,NO,1,0
389,2014,9,CIN,33,23,JAX,CIN,1,1
390,2014,9,CLE,22,17,TB,CLE,1,1
391,2014,9,DAL,17,28,ARI,DAL,0,0
392,2014,9,HOU,21,31,PHI,PHI,1,0
393,2014,9,KC,24,10,NYJ,KC,1,1
394,2014,9,MIA,37,0,LAC,MIA,1,1
395,2014,9,MIN,29,26,WAS,WAS,0,1
396,2014,9,NE,43,21,DEN,DEN,0,1
397,2014,9,PIT,43,23,BAL,PIT,1,1
398,2014,9,SF,10,13,LAR,SF,0,0
399,2014,9,SEA,30,24,LVR,SEA,1,1
400,2014,9,NYG,24,40,IND,IND,1,0
401,2014,10,CIN,3,24,CLE,CIN,0,0
402,2014,10,ARI,31,14,LAR,ARI,1,1
403,2014,10,BAL,21,7,TEN,BAL,1,1
404,2014,10,BUF,13,17,KC,BUF,0,0
405,2014,10,DET,20,16,MIA,DET,1,1
406,2014,10,GB,55,14,CHI,GB,1,1
407,2014,10,JAX,17,31,DAL,DAL,1,0
408,2014,10,NO,24,27,SF,NO,0,0
409,2014,10,NYJ,20,13,PIT,PIT,0,1
410,2014,10,LVR,17,41,DEN,DEN,1,0
411,2014,10,SEA,38,17,NYG,SEA,1,1
412,2014,10,TB,17,27,ATL,ATL,1,0
413,2014,10,PHI,45,21,CAR,PHI,1,1
414,2014,11,MIA,22,9,BUF,MIA,1,1
415,2014,11,ARI,14,6,DET,DET,0,1
416,2014,11,CAR,17,19,ATL,ATL,1,0
417,2014,11,CHI,21,13,MIN,CHI,1,1
418,2014,11,CLE,7,23,HOU,CLE,0,0
419,2014,11,GB,53,20,PHI,GB,1,1
420,2014,11,IND,20,42,NE,IND,0,0
421,2014,11,KC,24,20,SEA,SEA,0,1
422,2014,11,NO,10,27,CIN,NO,0,0
423,2014,11,NYG,10,16,SF,SF,1,0
424,2014,11,LAC,13,6,LVR,LAC,1,1
425,2014,11,LAR,22,7,DEN,DEN,0,1
426,2014,11,WAS,7,27,TB,WAS,0,0
427,2014,11,TEN,24,27,PIT,PIT,1,0
428,2014,12,LVR,24,20,KC,KC,0,1
429,2014,12,ATL,24,26,CLE,ATL,0,0
430,2014,12,CHI,21,13,TB,CHI,1,1
431,2014,12,DEN,39,36,MIA,DEN,1,1
432,2014,12,HOU,13,22,CIN,HOU,0,0
433,2014,12,IND,23,3,JAX,IND,1,1
434,2014,12,MIN,21,24,GB,GB,1,0
435,2014,12,NE,34,9,DET,NE,1,1
436,2014,12,NYG,28,31,DAL,DAL,1,0
437,2014,12,PHI,43,24,TEN,PHI,1,1
438,2014,12,LAC,27,24,LAR,LAC,1,1
439,2014,12,SF,17,13,WAS,SF,1,1
440,2014,12,SEA,19,3,ARI,SEA,1,1
441,2014,12,BUF,38,3,NYJ,BUF,1,1
442,2014,12,NO,27,34,BAL,NO,0,0
443,2014,13,DAL,10,33,PHI,DAL,0,0
444,2014,13,DET,34,17,CHI,DET,1,1
445,2014,13,SF,3,19,SEA,SF,0,0
446,2014,13,ATL,29,18,ARI,ARI,0,1
447,2014,13,BAL,33,34,LAC,BAL,0,0
448,2014,13,BUF,26,10,CLE,BUF,1,1
449,2014,13,GB,26,21,NE,GB,1,1
450,2014,13,HOU,45,21,TEN,HOU,1,1
451,2014,13,IND,49,27,WAS,IND,1,1
452,2014,13,JAX,25,24,NYG,NYG,0,1
453,2014,13,KC,16,29,DEN,KC,0,0
454,2014,13,MIN,31,13,CAR,MIN,1,1
455,2014,13,PIT,32,35,NO,PIT,0,0
456,2014,13,LAR,52,0,LVR,LAR,1,1
457,2014,13,TB,13,14,CIN,CIN,1,0
458,2014,13,NYJ,13,16,MIA,MIA,1,0
459,2014,14,CHI,28,41,DAL,DAL,1,0
460,2014,14,ARI,17,14,KC,KC,0,1
461,2014,14,CIN,21,42,PIT,CIN,0,0
462,2014,14,CLE,24,25,IND,IND,1,0
463,2014,14,DEN,24,17,BUF,DEN,1,1
464,2014,14,DET,34,17,TB,DET,1,1
465,2014,14,JAX,13,27,HOU,HOU,1,0
466,2014,14,MIA,13,28,BAL,MIA,0,0
467,2014,14,MIN,30,24,NYJ,MIN,1,1
468,2014,14,NO,10,41,CAR,NO,0,0
469,2014,14,LVR,24,13,SF,SF,0,1
470,2014,14,PHI,14,24,SEA,SEA,1,0
471,2014,14,LAC,14,23,NE,NE,1,0
472,2014,14,TEN,7,36,NYG,NYG,1,0
473,2014,14,WAS,0,24,LAR,LAR,1,0
474,2014,14,GB,43,37,ATL,GB,1,1
475,2014,15,LAR,6,12,ARI,LAR,0,0
476,2014,15,ATL,20,27,PIT,PIT,1,0
477,2014,15,BAL,20,12,JAX,BAL,1,1
478,2014,15,BUF,21,13,GB,GB,0,1
479,2014,15,CAR,19,17,TB,CAR,1,1
480,2014,15,CLE,0,30,CIN,CLE,0,0
481,2014,15,DET,16,14,MIN,DET,1,1
482,2014,15,IND,17,10,HOU,IND,1,1
483,2014,15,KC,31,13,LVR,KC,1,1
484,2014,15,NE,41,13,MIA,NE,1,1
485,2014,15,NYG,24,13,WAS,NYG,1,1
486,2014,15,PHI,27,38,DAL,PHI,0,0
487,2014,15,LAC,10,22,DEN,DEN,1,0
488,2014,15,SEA,17,7,SF,SEA,1,1
489,2014,15,TEN,11,16,NYJ,NYJ,1,0
490,2014,15,CHI,15,31,NO,NO,1,0
491,2014,16,JAX,21,13,TEN,JAX,1,1
492,2014,16,SF,35,38,LAC,SF,0,0
493,2014,16,WAS,27,24,PHI,PHI,0,1
494,2014,16,ARI,6,35,SEA,SEA,1,0
495,2014,16,CAR,17,13,CLE,CAR,1,1
496,2014,16,CHI,14,20,DET,DET,1,0
497,2014,16,DAL,42,7,IND,DAL,1,1
498,2014,16,HOU,25,13,BAL,BAL,0,1
499,2014,16,MIA,37,35,MIN,MIA,1,1
500,2014,16,NO,14,30,ATL,NO,0,0
501,2014,16,NYJ,16,17,NE,NE,1,0
502,2014,16,LVR,26,24,BUF,BUF,0,1
503,2014,16,PIT,20,12,KC,PIT,1,1
504,2014,16,LAR,27,37,NYG,LAR,0,0
505,2014,16,TB,3,20,GB,GB,1,0
506,2014,16,CIN,37,28,DEN,DEN,0,1
507,2014,17,ATL,3,34,CAR,ATL,0,0
508,2014,17,BAL,20,10,CLE,BAL,1,1
509,2014,17,DEN,47,14,LVR,DEN,1,1
510,2014,17,GB,30,20,DET,GB,1,1
511,2014,17,HOU,23,17,JAX,HOU,1,1
512,2014,17,KC,19,7,LAC,KC,1,1
513,2014,17,MIA,24,37,NYJ,MIA,0,0
514,2014,17,MIN,13,9,CHI,MIN,1,1
515,2014,17,NE,9,17,BUF,NE,0,0
516,2014,17,NYG,26,34,PHI,PHI,1,0
517,2014,17,PIT,27,17,CIN,PIT,1,1
518,2014,17,SF,20,17,ARI,SF,1,1
519,2014,17,SEA,20,6,LAR,SEA,1,1
520,2014,17,TB,20,23,NO,NO,1,0
521,2014,17,TEN,10,27,IND,IND,1,0
522,2014,17,WAS,17,44,DAL,DAL,1,0
523,2014,Wildcard,CAR,27,16,ARI,CAR,1,1
524,2014,Wildcard,PIT,17,30,BAL,PIT,0,0
525,2014,Wildcard,DAL,24,20,DET,DAL,1,1
526,2014,Wildcard,IND,26,10,CIN,IND,1,1
527,2014,Division,NE,35,31,BAL,NE,1,1
528,2014,Division,SEA,31,17,CAR,SEA,1,1
529,2014,Division,DEN,13,24,IND,DEN,0,0
530,2014,Division,GB,26,21,DAL,GB,1,1
531,2014,Conference,NE,45,7,IND,NE,1,1
532,2014,Conference,SEA,28,22,GB,SEA,1,1
533,2014,Superbowl,SEA,24,28,NE,NE,1,0
534,2015,1,NE,28,21,PIT,NE,1,1
535,2015,1,ARI,31,19,NO,ARI,1,1
536,2015,1,BUF,27,14,IND,IND,0,1
537,2015,1,CHI,23,31,GB,GB,1,0
538,2015,1,DAL,27,26,NYG,DAL,1,1
539,2015,1,DEN,19,13,BAL,DEN,1,1
540,2015,1,HOU,20,27,KC,KC,1,0
541,2015,1,JAX,9,20,CAR,CAR,1,0
542,2015,1,NYJ,31,10,CLE,NYJ,1,1
543,2015,1,LVR,13,33,CIN,LVR,0,0
544,2015,1,LAC,33,28,DET,LAC,1,1
545,2015,1,LAR,34,31,SEA,SEA,0,1
546,2015,1,TB,14,42,TEN,TB,0,0
547,2015,1,WAS,10,17,MIA,MIA,1,0
548,2015,1,ATL,26,24,PHI,PHI,0,1
549,2015,1,SF,20,3,MIN,MIN,0,1
550,2015,2,KC,24,31,DEN,KC,0,0
551,2015,2,BUF,32,40,NE,BUF,0,0
552,2015,2,CAR,24,17,HOU,CAR,1,1
553,2015,2,CHI,23,48,ARI,ARI,1,0
554,2015,2,CIN,24,19,LAC,CIN,1,1
555,2015,2,CLE,28,14,TEN,TEN,0,1
556,2015,2,GB,27,17,SEA,GB,1,1
557,2015,2,JAX,23,20,MIA,MIA,0,1
558,2015,2,MIN,26,16,DET,MIN,1,1
559,2015,2,NO,19,26,TB,NO,0,0
560,2015,2,NYG,20,24,ATL,NYG,0,0
561,2015,2,LVR,37,33,BAL,BAL,0,1
562,2015,2,PHI,10,20,DAL,PHI,0,0
563,2015,2,PIT,43,18,SF,PIT,1,1
564,2015,2,WAS,24,10,LAR,LAR,0,1
565,2015,2,IND,7,20,NYJ,IND,0,0
566,2015,3,NYG,32,21,WAS,NYG,1,1
567,2015,3,ARI,47,7,SF,ARI,1,1
568,2015,3,BAL,24,28,CIN,BAL,0,0
569,2015,3,CAR,27,22,NO,CAR,1,1
570,2015,3,CLE,20,27,LVR,CLE,0,0
571,2015,3,DAL,28,39,ATL,PICK,0,0
572,2015,3,DET,12,24,DEN,DEN,1,0
573,2015,3,HOU,19,9,TB,HOU,1,1
574,2015,3,MIA,14,41,BUF,MIA,0,0
575,2015,3,MIN,31,14,LAC,MIN,1,1
576,2015,3,NE,51,17,JAX,NE,1,1
577,2015,3,NYJ,17,24,PHI,NYJ,0,0
578,2015,3,SEA,26,0,CHI,SEA,1,1
579,2015,3,LAR,6,12,PIT,LAR,0,0
580,2015,3,TEN,33,35,IND,IND,1,0
581,2015,3,GB,38,28,KC,GB,1,1
582,2015,4,PIT,20,23,BAL,BAL,1,0
583,2015,4,ARI,22,24,LAR,ARI,0,0
584,2015,4,ATL,48,21,HOU,ATL,1,1
585,2015,4,BUF,10,24,NYG,BUF,0,0
586,2015,4,CHI,22,20,LVR,LVR,0,1
587,2015,4,CIN,36,21,KC,CIN,1,1
588,2015,4,DEN,23,20,MIN,DEN,1,1
589,2015,4,IND,16,13,JAX,IND,1,1
590,2015,4,MIA,14,27,NYJ,NYJ,1,0
591,2015,4,NO,26,20,DAL,NO,1,1
592,2015,4,LAC,30,27,CLE,LAC,1,1
593,2015,4,SF,3,17,GB,GB,1,0
594,2015,4,TB,23,37,CAR,CAR,1,0
595,2015,4,WAS,23,20,PHI,PHI,0,1
596,2015,4,SEA,13,10,DET,SEA,1,1
597,2015,5,HOU,20,27,IND,HOU,0,0
598,2015,5,ATL,25,19,WAS,ATL,1,1
599,2015,5,BAL,30,33,CLE,BAL,0,0
600,2015,5,CIN,27,24,SEA,CIN,1,1
601,2015,5,DAL,6,30,NE,NE,1,0
602,2015,5,DET,17,42,ARI,ARI,1,0
603,2015,5,GB,24,10,LAR,GB,1,1
604,2015,5,KC,17,18,CHI,KC,0,0
605,2015,5,NYG,30,27,SF,NYG,1,1
606,2015,5,LVR,10,16,DEN,DEN,1,0
607,2015,5,PHI,39,17,NO,PHI,1,1
608,2015,5,TB,38,31,JAX,TB,1,1
609,2015,5,TEN,13,14,BUF,BUF,1,0
610,2015,5,LAC,20,24,PIT,LAC,0,0
611,2015,6,NO,31,21,ATL,ATL,0,1
612,2015,6,BUF,21,34,CIN,CIN,1,0
613,2015,6,CLE,23,26,DEN,DEN,1,0
614,2015,6,DET,37,34,CHI,DET,1,1
615,2015,6,GB,27,20,LAC,GB,1,1
616,2015,6,IND,27,34,NE,NE,1,0
617,2015,6,JAX,20,31,HOU,JAX,0,0
618,2015,6,MIN,16,10,KC,MIN,1,1
619,2015,6,NYJ,34,20,WAS,NYJ,1,1
620,2015,6,PIT,25,13,ARI,ARI,0,1
621,2015,6,SF,25,20,BAL,BAL,0,1
622,2015,6,SEA,23,27,CAR,SEA,0,0
623,2015,6,TEN,10,38,MIA,TEN,0,0
624,2015,6,PHI,27,7,NYG,PHI,1,1
625,2015,7,SF,3,20,SEA,SEA,1,0
626,2015,7,CAR,27,16,PHI,CAR,1,1
627,2015,7,DET,19,28,MIN,DET,0,0
628,2015,7,IND,21,27,NO,IND,0,0
629,2015,7,JAX,34,31,BUF,BUF,0,1
630,2015,7,KC,23,13,PIT,KC,1,1
631,2015,7,MIA,44,26,HOU,MIA,1,1
632,2015,7,NE,30,23,NYJ,NE,1,1
633,2015,7,NYG,27,20,DAL,NYG,1,1
634,2015,7,LAC,29,37,LVR,LAC,0,0
635,2015,7,LAR,24,6,CLE,LAR,1,1
636,2015,7,TEN,7,10,ATL,ATL,1,0
637,2015,7,WAS,31,30,TB,WAS,1,1
638,2015,7,ARI,26,18,BAL,ARI,1,1
639,2015,8,NE,36,7,MIA,NE,1,1
640,2015,8,ATL,20,23,TB,ATL,0,0
641,2015,8,BAL,29,26,LAC,BAL,1,1
642,2015,8,CHI,20,23,MIN,MIN,1,0
643,2015,8,CLE,20,34,ARI,ARI,1,0
644,2015,8,DAL,12,13,SEA,SEA,1,0
645,2015,8,DEN,29,10,GB,GB,0,1
646,2015,8,HOU,20,6,TEN,HOU,1,1
647,2015,8,KC,45,10,DET,DET,0,1
648,2015,8,NO,52,49,NYG,NO,1,1
649,2015,8,LVR,34,20,NYJ,NYJ,0,1
650,2015,8,PIT,10,16,CIN,PICK,0,0
651,2015,8,LAR,27,6,SF,LAR,1,1
652,2015,8,CAR,29,26,IND,CAR,1,1
653,2015,9,CIN,31,10,CLE,CIN,1,1
654,2015,9,BUF,33,17,MIA,BUF,1,1
655,2015,9,CAR,37,29,GB,GB,0,1
656,2015,9,DAL,27,33,PHI,PHI,1,0
657,2015,9,IND,27,24,DEN,DEN,0,1
658,2015,9,MIN,21,18,LAR,MIN,1,1
659,2015,9,NE,27,10,WAS,NE,1,1
660,2015,9,NO,28,34,TEN,NO,0,0
661,2015,9,NYJ,28,23,JAX,NYJ,1,1
662,2015,9,PIT,38,35,LVR,PIT,1,1
663,2015,9,SF,17,16,ATL,ATL,0,1
664,2015,9,TB,18,32,NYG,NYG,1,0
665,2015,9,LAC,19,22,CHI,LAC,0,0
666,2015,10,NYJ,17,22,BUF,NYJ,0,0
667,2015,10,BAL,20,22,JAX,BAL,0,0
668,2015,10,DEN,13,29,KC,DEN,0,0
669,2015,10,GB,16,18,DET,GB,0,0
670,2015,10,NYG,26,27,NE,NE,1,0
671,2015,10,LVR,14,30,MIN,LVR,0,0
672,2015,10,PHI,19,20,MIA,PHI,0,0
673,2015,10,PIT,30,9,CLE,PIT,1,1
674,2015,10,SEA,32,39,ARI,SEA,0,0
675,2015,10,LAR,13,37,CHI,LAR,0,0
676,2015,10,TB,10,6,DAL,DAL,0,1
677,2015,10,TEN,10,27,CAR,CAR,1,0
678,2015,10,WAS,47,14,NO,NO,0,1
679,2015,10,CIN,6,10,HOU,CIN,0,0
680,2015,11,JAX,19,13,TEN,JAX,1,1
681,2015,11,ARI,34,31,CIN,ARI,1,1
682,2015,11,ATL,21,24,IND,ATL,0,0
683,2015,11,BAL,16,13,LAR,BAL,1,1
684,2015,11,CAR,44,16,WAS,CAR,1,1
685,2015,11,CHI,15,17,DEN,DEN,1,0
686,2015,11,DET,18,13,LVR,LVR,0,1
687,2015,11,HOU,24,17,NYJ,NYJ,0,1
688,2015,11,MIA,14,24,DAL,DAL,1,0
689,2015,11,MIN,13,30,GB,PICK,0,0
690,2015,11,PHI,17,45,TB,PHI,0,0
691,2015,11,LAC,3,33,KC,KC,1,0
692,2015,11,SEA,29,13,SF,SEA,1,1
693,2015,11,NE,20,13,BUF,NE,1,1
694,2015,12,DAL,14,33,CAR,CAR,1,0
695,2015,12,DET,45,14,PHI,DET,1,1
696,2015,12,GB,13,17,CHI,GB,0,0
697,2015,12,ATL,10,20,MIN,ATL,0,0
698,2015,12,CIN,31,7,LAR,CIN,1,1
699,2015,12,DEN,30,24,NE,NE,0,1
700,2015,12,HOU,24,6,NO,HOU,1,1
701,2015,12,IND,25,12,TB,IND,1,1
702,2015,12,JAX,25,31,LAC,JAX,0,0
703,2015,12,KC,30,22,BUF,KC,1,1
704,2015,12,NYJ,38,20,MIA,NYJ,1,1
705,2015,12,SF,13,19,ARI,ARI,1,0
706,2015,12,SEA,39,30,PIT,SEA,1,1
707,2015,12,TEN,21,24,LVR,LVR,1,0
708,2015,12,WAS,20,14,NYG,NYG,0,1
709,2015,12,CLE,27,33,BAL,CLE,0,0
710,2015,13,DET,23,27,GB,GB,1,0
711,2015,13,BUF,30,21,HOU,BUF,1,1
712,2015,13,CHI,20,26,SF,CHI,0,0
713,2015,13,CLE,3,37,CIN,CIN,1,0
714,2015,13,MIA,15,13,BAL,MIA,1,1
715,2015,13,MIN,7,38,SEA,SEA,1,0
716,2015,13,NE,28,35,PHI,NE,0,0
717,2015,13,NO,38,41,CAR,CAR,1,0
718,2015,13,NYG,20,23,NYJ,NYJ,1,0
719,2015,13,LVR,20,34,KC,KC,1,0
720,2015,13,PIT,45,10,IND,PIT,1,1
721,2015,13,LAC,3,17,DEN,DEN,1,0
722,2015,13,LAR,3,27,ARI,ARI,1,0
723,2015,13,TB,23,19,ATL,PICK,0,1
724,2015,13,TEN,42,39,JAX,TEN,1,1
725,2015,13,WAS,16,19,DAL,WAS,0,0
726,2015,14,ARI,23,20,MIN,ARI,1,1
727,2015,14,BAL,6,35,SEA,SEA,1,0
728,2015,14,CAR,38,0,ATL,CAR,1,1
729,2015,14,CHI,21,24,WAS,CHI,0,0
730,2015,14,CIN,20,33,PIT,CIN,0,0
731,2015,14,CLE,24,10,SF,CLE,1,1
732,2015,14,DEN,12,15,LVR,DEN,0,0
733,2015,14,GB,28,7,DAL,GB,1,1
734,2015,14,HOU,6,27,NE,NE,1,0
735,2015,14,JAX,51,16,IND,JAX,1,1
736,2015,14,KC,10,3,LAC,KC,1,1
737,2015,14,NYJ,30,8,TEN,NYJ,1,1
738,2015,14,PHI,23,20,BUF,PHI,1,1
739,2015,14,LAR,21,14,DET,DET,0,1
740,2015,14,TB,17,24,NO,TB,0,0
741,2015,14,MIA,24,31,NYG,NYG,1,0
742,2015,15,LAR,31,23,TB,LAR,1,1
743,2015,15,DAL,16,19,NYJ,NYJ,1,0
744,2015,15,BAL,14,34,KC,KC,1,0
745,2015,15,IND,10,16,HOU,IND,0,0
746,2015,15,JAX,17,23,ATL,JAX,0,0
747,2015,15,MIN,38,17,CHI,MIN,1,1
748,2015,15,NE,33,16,TEN,NE,1,1
749,2015,15,NYG,35,38,CAR,CAR,1,0
750,2015,15,LVR,20,30,GB,GB,1,0
751,2015,15,PHI,17,40,ARI,ARI,1,0
752,2015,15,PIT,34,27,DEN,PIT,1,1
753,2015,15,LAC,30,14,MIA,LAC,1,1
754,2015,15,SF,14,24,CIN,CIN,1,0
755,2015,15,SEA,30,13,CLE,SEA,1,1
756,2015,15,WAS,35,25,BUF,BUF,0,1
757,2015,15,NO,27,35,DET,NO,0,0
758,2015,16,LVR,23,20,LAC,LVR,1,1
759,2015,16,PHI,24,38,WAS,PHI,0,0
760,2015,16,ARI,38,8,GB,ARI,1,1
761,2015,16,ATL,20,13,CAR,CAR,0,1
762,2015,16,BAL,20,17,PIT,PIT,0,1
763,2015,16,BUF,16,6,DAL,BUF,1,1
764,2015,16,DET,32,17,SF,DET,1,1
765,2015,16,KC,17,13,CLE,KC,1,1
766,2015,16,MIA,12,18,IND,MIA,0,0
767,2015,16,MIN,49,17,NYG,MIN,1,1
768,2015,16,NO,38,27,JAX,NO,1,1
769,2015,16,NYJ,26,20,NE,NE,0,1
770,2015,16,SEA,17,23,LAR,SEA,0,0
771,2015,16,TB,21,26,CHI,TB,0,0
772,2015,16,TEN,6,34,HOU,HOU,1,0
773,2015,16,DEN,20,17,CIN,DEN,1,1
774,2015,17,ARI,6,36,SEA,ARI,0,0
775,2015,17,ATL,17,20,NO,ATL,0,0
776,2015,17,BUF,22,17,NYJ,NYJ,0,1
777,2015,17,CAR,38,10,TB,CAR,1,1
778,2015,17,CHI,20,24,DET,DET,1,0
779,2015,17,CIN,24,16,BAL,CIN,1,1
780,2015,17,CLE,12,28,PIT,PIT,1,0
781,2015,17,DAL,23,34,WAS,DAL,0,0
782,2015,17,DEN,27,20,LAC,DEN,1,1
783,2015,17,GB,13,20,MIN,GB,0,0
784,2015,17,HOU,30,6,JAX,HOU,1,1
785,2015,17,IND,30,24,TEN,IND,1,1
786,2015,17,KC,23,17,LVR,KC,1,1
787,2015,17,MIA,20,10,NE,NE,0,1
788,2015,17,NYG,30,35,PHI,NYG,0,0
789,2015,17,SF,19,16,LAR,LAR,0,1
790,2015,Wildcard,CIN,16,18,PIT,PIT,1,0
791,2015,Wildcard,HOU,0,30,KC,KC,1,0
792,2015,Wildcard,MIN,9,10,SEA,SEA,1,0
793,2015,Wildcard,WAS,18,35,GB,WAS,0,0
794,2015,Division,ARI,26,20,GB,ARI,1,1
795,2015,Division,NE,27,20,KC,NE,1,1
796,2015,Division,CAR,31,24,SEA,CAR,1,1
797,2015,Division,DEN,23,16,PIT,DEN,1,1
798,2015,Conference,CAR,49,15,ARI,CAR,1,1
799,2015,Conference,DEN,20,18,NE,NE,0,1
800,2015,Superbowl,DEN,24,10,CAR,CAR,0,1
801,2016,1,DEN,21,20,CAR,CAR,0,1
802,2016,1,ARI,21,23,NE,ARI,0,0
803,2016,1,ATL,24,31,TB,ATL,0,0
804,2016,1,BAL,13,7,BUF,BAL,1,1
805,2016,1,DAL,19,20,NYG,NYG,1,0
806,2016,1,HOU,23,14,CHI,HOU,1,1
807,2016,1,IND,35,39,DET,IND,0,0
808,2016,1,JAX,23,27,GB,GB,1,0
809,2016,1,KC,33,27,LAC,KC,1,1
810,2016,1,NO,34,35,LVR,NO,0,0
811,2016,1,NYJ,22,23,CIN,CIN,1,0
812,2016,1,PHI,29,10,CLE,PHI,1,1
813,2016,1,SEA,12,10,MIA,SEA,1,1
814,2016,1,TEN,16,25,MIN,MIN,1,0
815,2016,1,SF,28,0,LAR,LAR,0,1
816,2016,1,WAS,16,38,PIT,PIT,1,0
817,2016,2,BUF,31,37,NYJ,PICK,0,0
818,2016,2,ARI,40,7,TB,ARI,1,1
819,2016,2,CAR,46,27,SF,CAR,1,1
820,2016,2,CLE,20,25,BAL,BAL,1,0
821,2016,2,DEN,34,20,IND,DEN,1,1
822,2016,2,DET,15,16,TEN,DET,0,0
823,2016,2,HOU,19,12,KC,HOU,1,1
824,2016,2,LAR,9,3,SEA,SEA,0,1
825,2016,2,MIN,17,14,GB,GB,0,1
826,2016,2,NE,31,24,MIA,NE,1,1
827,2016,2,NYG,16,13,NO,NYG,1,1
828,2016,2,LVR,28,35,ATL,LVR,0,0
829,2016,2,PIT,24,16,CIN,PIT,1,1
830,2016,2,LAC,38,14,JAX,LAC,1,1
831,2016,2,WAS,23,27,DAL,WAS,0,0
832,2016,2,CHI,14,29,PHI,CHI,0,0
833,2016,3,NE,27,0,HOU,NE,1,1
834,2016,3,BUF,33,18,ARI,ARI,0,1
835,2016,3,CAR,10,22,MIN,CAR,0,0
836,2016,3,CIN,17,29,DEN,CIN,0,0
837,2016,3,DAL,31,17,CHI,DAL,1,1
838,2016,3,GB,34,27,DET,GB,1,1
839,2016,3,IND,26,22,LAC,IND,1,1
840,2016,3,JAX,17,19,BAL,BAL,1,0
841,2016,3,KC,24,3,NYJ,KC,1,1
842,2016,3,MIA,30,24,CLE,MIA,1,1
843,2016,3,NYG,27,29,WAS,NYG,0,0
844,2016,3,PHI,34,3,PIT,PIT,0,1
845,2016,3,SEA,37,18,SF,SEA,1,1
846,2016,3,TB,32,37,LAR,TB,0,0
847,2016,3,TEN,10,17,LVR,LVR,1,0
848,2016,3,NO,32,45,ATL,NO,0,0
849,2016,4,CIN,22,7,MIA,CIN,1,1
850,2016,4,ARI,13,17,LAR,ARI,0,0
851,2016,4,ATL,48,33,CAR,CAR,0,1
852,2016,4,BAL,27,28,LVR,BAL,0,0
853,2016,4,CHI,17,14,DET,DET,0,1
854,2016,4,HOU,27,20,TEN,HOU,1,1
855,2016,4,JAX,30,27,IND,IND,0,1
856,2016,4,NE,0,16,BUF,NE,0,0
857,2016,4,NYJ,17,27,SEA,SEA,1,0
858,2016,4,PIT,43,14,KC,PIT,1,1
859,2016,4,LAC,34,35,NO,LAC,0,0
860,2016,4,SF,17,24,DAL,DAL,1,0
861,2016,4,TB,7,27,DEN,DEN,1,0
862,2016,4,WAS,31,20,CLE,WAS,1,1
863,2016,4,MIN,24,10,NYG,MIN,1,1
864,2016,5,SF,21,33,ARI,ARI,1,0
865,2016,5,BAL,10,16,WAS,BAL,0,0
866,2016,5,CLE,13,33,NE,NE,1,0
867,2016,5,DAL,28,14,CIN,CIN,0,1
868,2016,5,DEN,16,23,ATL,DEN,0,0
869,2016,5,DET,24,23,PHI,PHI,0,1
870,2016,5,GB,23,16,NYG,GB,1,1
871,2016,5,IND,29,23,CHI,IND,1,1
872,2016,5,LAR,19,30,BUF,BUF,1,0
873,2016,5,MIA,17,30,TEN,MIA,0,0
874,2016,5,MIN,31,13,HOU,MIN,1,1
875,2016,5,LVR,34,31,LAC,LVR,1,1
876,2016,5,PIT,31,13,NYJ,PIT,1,1
877,2016,5,CAR,14,17,TB,CAR,0,0
878,2016,6,LAC,21,13,DEN,DEN,0,1
879,2016,6,BUF,45,16,SF,BUF,1,1
880,2016,6,CHI,16,17,JAX,CHI,0,0
881,2016,6,DET,31,28,LAR,DET,1,1
882,2016,6,GB,16,30,DAL,GB,0,0
883,2016,6,HOU,26,23,IND,HOU,1,1
884,2016,6,MIA,30,15,PIT,PIT,0,1
885,2016,6,NE,35,17,CIN,NE,1,1
886,2016,6,NO,41,38,CAR,CAR,0,1
887,2016,6,NYG,27,23,BAL,NYG,1,1
888,2016,6,LVR,10,26,KC,KC,1,0
889,2016,6,SEA,26,24,ATL,SEA,1,1
890,2016,6,TEN,28,26,CLE,TEN,1,1
891,2016,6,WAS,27,20,PHI,PHI,0,1
892,2016,6,ARI,28,3,NYJ,ARI,1,1
893,2016,7,GB,26,10,CHI,GB,1,1
894,2016,7,ARI,6,6,SEA,ARI,0,0
895,2016,7,ATL,30,33,LAC,ATL,0,0
896,2016,7,CIN,31,17,CLE,CIN,1,1
897,2016,7,DET,20,17,WAS,WAS,0,1
898,2016,7,JAX,16,33,LVR,JAX,0,0
899,2016,7,KC,27,21,NO,KC,1,1
900,2016,7,LAR,10,17,NYG,NYG,1,0
901,2016,7,MIA,28,25,BUF,BUF,0,1
902,2016,7,NYJ,24,16,BAL,NYJ,1,1
903,2016,7,PHI,21,10,MIN,MIN,0,1
904,2016,7,PIT,16,27,NE,NE,1,0
905,2016,7,SF,17,34,TB,SF,0,0
906,2016,7,TEN,26,34,IND,TEN,0,0
907,2016,7,DEN,27,9,HOU,DEN,1,1
908,2016,8,TEN,36,22,JAX,TEN,1,1
909,2016,8,ATL,33,32,GB,ATL,1,1
910,2016,8,BUF,25,41,NE,NE,1,0
911,2016,8,CAR,30,20,ARI,CAR,1,1
912,2016,8,CIN,27,27,WAS,CIN,0,0
913,2016,8,CLE,28,31,NYJ,NYJ,1,0
914,2016,8,DAL,29,23,PHI,DAL,1,1
915,2016,8,DEN,27,19,LAC,DEN,1,1
916,2016,8,HOU,20,13,DET,HOU,1,1
917,2016,8,IND,14,30,KC,KC,1,0
918,2016,8,NO,25,20,SEA,SEA,0,1
919,2016,8,TB,24,30,LVR,TB,0,0
920,2016,8,CHI,20,10,MIN,MIN,0,1
921,2016,9,TB,28,43,ATL,ATL,1,0
922,2016,9,BAL,21,14,PIT,PIT,0,1
923,2016,9,CLE,10,35,DAL,DAL,1,0
924,2016,9,GB,26,31,IND,GB,0,0
925,2016,9,KC,19,14,JAX,KC,1,1
926,2016,9,LAR,10,13,CAR,CAR,1,0
927,2016,9,MIA,27,23,NYJ,MIA,1,1
928,2016,9,MIN,16,22,DET,MIN,0,0
929,2016,9,NYG,28,23,PHI,NYG,1,1
930,2016,9,LVR,30,20,DEN,LVR,1,1
931,2016,9,LAC,43,35,TEN,LAC,1,1
932,2016,9,SF,23,41,NO,NO,1,0
933,2016,9,SEA,31,25,BUF,SEA,1,1
934,2016,10,BAL,28,7,CLE,BAL,1,1
935,2016,10,ARI,23,20,SF,ARI,1,1
936,2016,10,CAR,17,20,KC,CAR,0,0
937,2016,10,JAX,21,24,HOU,JAX,0,0
938,2016,10,NE,24,31,SEA,NE,0,0
939,2016,10,NO,23,25,DEN,NO,0,0
940,2016,10,NYJ,6,9,LAR,LAR,1,0
941,2016,10,PHI,24,15,ATL,PHI,1,1
942,2016,10,PIT,30,35,DAL,PIT,0,0
943,2016,10,LAC,24,31,MIA,LAC,0,0
944,2016,10,TB,36,10,CHI,CHI,0,1
945,2016,10,TEN,47,25,GB,GB,0,1
946,2016,10,WAS,26,20,MIN,WAS,1,1
947,2016,10,NYG,21,20,CIN,PICK,0,1
948,2016,11,CAR,23,20,NO,CAR,1,1
949,2016,11,CIN,12,16,BUF,CIN,0,0
950,2016,11,CLE,9,24,PIT,PIT,1,0
951,2016,11,DAL,27,17,BAL,DAL,1,1
952,2016,11,DET,26,19,JAX,DET,1,1
953,2016,11,IND,24,17,TEN,IND,1,1
954,2016,11,KC,17,19,TB,KC,0,0
955,2016,11,LAR,10,14,MIA,MIA,1,0
956,2016,11,MIN,30,24,ARI,MIN,1,1
957,2016,11,NYG,22,16,CHI,NYG,1,1
958,2016,11,SF,17,30,NE,NE,1,0
959,2016,11,SEA,26,15,PHI,SEA,1,1
960,2016,11,WAS,42,24,GB,WAS,1,1
961,2016,11,LVR,27,20,HOU,LVR,1,1
962,2016,12,DAL,31,26,WAS,DAL,1,1
963,2016,12,DET,16,13,MIN,DET,1,1
964,2016,12,IND,7,28,PIT,PIT,1,0
965,2016,12,ATL,38,19,ARI,ATL,1,1
966,2016,12,BAL,19,14,CIN,BAL,1,1
967,2016,12,BUF,28,21,JAX,BUF,1,1
968,2016,12,CHI,21,27,TEN,TEN,1,0
969,2016,12,CLE,13,27,NYG,NYG,1,0
970,2016,12,DEN,27,30,KC,DEN,0,0
971,2016,12,HOU,13,21,LAC,LAC,1,0
972,2016,12,MIA,31,24,SF,MIA,1,1
973,2016,12,NO,49,21,LAR,NO,1,1
974,2016,12,NYJ,17,22,NE,NE,1,0
975,2016,12,LVR,35,32,CAR,LVR,1,1
976,2016,12,TB,14,5,SEA,SEA,0,1
977,2016,12,PHI,13,27,GB,PHI,0,0
978,2016,13,MIN,15,17,DAL,DAL,1,0
979,2016,13,ARI,31,23,WAS,ARI,1,1
980,2016,13,ATL,28,29,KC,ATL,0,0
981,2016,13,BAL,38,6,MIA,BAL,1,1
982,2016,13,CHI,26,6,SF,SF,0,1
983,2016,13,CIN,32,14,PHI,CIN,1,1
984,2016,13,GB,21,13,HOU,GB,1,1
985,2016,13,JAX,10,20,DEN,DEN,1,0
986,2016,13,NE,26,10,LAR,NE,1,1
987,2016,13,NO,13,28,DET,NO,0,0
988,2016,13,LVR,38,24,BUF,LVR,1,1
989,2016,13,PIT,24,14,NYG,PIT,1,1
990,2016,13,LAC,21,28,TB,LAC,0,0
991,2016,13,SEA,40,7,CAR,SEA,1,1
992,2016,13,NYJ,10,41,IND,NYJ,0,0
993,2016,14,KC,21,13,LVR,KC,1,1
994,2016,14,BUF,20,27,PIT,PIT,1,0
995,2016,14,CAR,28,16,LAC,CAR,1,1
996,2016,14,CLE,10,23,CIN,CIN,1,0
997,2016,14,DET,20,17,CHI,DET,1,1
998,2016,14,GB,38,10,SEA,SEA,0,1
999,2016,14,IND,17,22,HOU,IND,0,0
1000,2016,14,JAX,16,25,MIN,MIN,1,0
1001,2016,14,LAR,14,42,ATL,ATL,1,0
1002,2016,14,MIA,26,23,ARI,ARI,0,1
1003,2016,14,NYG,10,7,DAL,DAL,0,1
1004,2016,14,PHI,22,27,WAS,WAS,1,0
1005,2016,14,SF,17,23,NYJ,SF,0,0
1006,2016,14,TB,16,11,NO,TB,1,1
1007,2016,14,TEN,13,10,DEN,TEN,1,1
1008,2016,14,NE,30,23,BAL,NE,1,1
1009,2016,15,SEA,24,3,LAR,SEA,1,1
1010,2016,15,NYJ,13,34,MIA,MIA,1,0
1011,2016,15,ARI,41,48,NO,ARI,0,0
1012,2016,15,ATL,41,13,SF,ATL,1,1
1013,2016,15,BAL,27,26,PHI,BAL,1,1
1014,2016,15,BUF,33,13,CLE,BUF,1,1
1015,2016,15,CHI,27,30,GB,GB,1,0
1016,2016,15,CIN,20,24,PIT,PIT,1,0
1017,2016,15,DAL,26,20,TB,DAL,1,1
1018,2016,15,DEN,3,16,NE,NE,1,0
1019,2016,15,HOU,21,20,JAX,HOU,1,1
1020,2016,15,KC,17,19,TEN,KC,0,0
1021,2016,15,MIN,6,34,IND,MIN,0,0
1022,2016,15,NYG,17,6,DET,NYG,1,1
1023,2016,15,LAC,16,19,LVR,LVR,1,0
1024,2016,15,WAS,15,26,CAR,WAS,0,0
1025,2016,16,PHI,24,19,NYG,PHI,1,1
1026,2016,16,BUF,31,34,MIA,BUF,0,0
1027,2016,16,CAR,16,33,ATL,ATL,1,0
1028,2016,16,CHI,21,41,WAS,WAS,1,0
1029,2016,16,CLE,20,17,LAC,LAC,0,1
1030,2016,16,GB,38,25,MIN,GB,1,1
1031,2016,16,HOU,12,10,CIN,HOU,1,1
1032,2016,16,JAX,38,17,TEN,TEN,0,1
1033,2016,16,LAR,21,22,SF,LAR,0,0
1034,2016,16,NE,41,3,NYJ,NE,1,1
1035,2016,16,NO,31,24,TB,NO,1,1
1036,2016,16,LVR,33,25,IND,LVR,1,1
1037,2016,16,SEA,31,34,ARI,SEA,0,0
1038,2016,16,KC,33,10,DEN,KC,1,1
1039,2016,16,PIT,31,27,BAL,PIT,1,1
1040,2016,16,DAL,42,21,DET,DAL,1,1
1041,2016,17,ATL,38,32,NO,ATL,1,1
1042,2016,17,CIN,27,10,BAL,BAL,0,1
1043,2016,17,DEN,24,6,LVR,DEN,1,1
1044,2016,17,DET,24,31,GB,GB,1,0
1045,2016,17,IND,24,20,JAX,IND,1,1
1046,2016,17,LAR,6,44,ARI,ARI,1,0
1047,2016,17,MIA,14,35,NE,NE,1,0
1048,2016,17,MIN,38,10,CHI,MIN,1,1
1049,2016,17,NYJ,30,10,BUF,BUF,0,1
1050,2016,17,PHI,27,13,DAL,PHI,1,1
1051,2016,17,PIT,27,24,CLE,PIT,1,1
1052,2016,17,LAC,27,37,KC,KC,1,0
1053,2016,17,SF,23,25,SEA,SEA,1,0
1054,2016,17,TB,17,16,CAR,TB,1,1
1055,2016,17,TEN,24,17,HOU,TEN,1,1
1056,2016,17,WAS,10,19,NYG,WAS,0,0
1057,2016,Wildcard,HOU,27,14,LVR,HOU,1,1
1058,2016,Wildcard,SEA,26,6,DET,SEA,1,1
1059,2016,Wildcard,GB,38,13,NYG,GB,1,1
1060,2016,Wildcard,PIT,30,12,MIA,PIT,1,1
1061,2016,Division,ATL,36,20,SEA,ATL,1,1
1062,2016,Division,NE,34,16,HOU,NE,1,1
1063,2016,Division,DAL,31,34,GB,DAL,0,0
1064,2016,Division,KC,16,18,PIT,KC,0,0
1065,2016,Conference,ATL,44,21,GB,ATL,1,1
1066,2016,Conference,NE,36,17,PIT,NE,1,1
1067,2016,Superbowl,ATL,28,34,NE,NE,1,0
1068,2017,1,NE,27,42,KC,NE,0,0
1069,2017,1,BUF,21,12,NYJ,BUF,1,1
1070,2017,1,CHI,17,23,ATL,ATL,1,0
1071,2017,1,CIN,0,20,BAL,CIN,0,0
1072,2017,1,CLE,18,21,PIT,PIT,1,0
1073,2017,1,DAL,19,3,NYG,DAL,1,1
1074,2017,1,DET,35,23,ARI,ARI,0,1
1075,2017,1,GB,17,9,SEA,GB,1,1
1076,2017,1,HOU,7,29,JAX,HOU,0,0
1077,2017,1,LAR,46,9,IND,IND,0,1
1078,2017,1,SF,3,23,CAR,CAR,1,0
1079,2017,1,TEN,16,26,LVR,TEN,0,0
1080,2017,1,WAS,17,30,PHI,PHI,1,0
1081,2017,1,DEN,24,21,LAC,DEN,1,1
1082,2017,1,MIN,29,19,NO,MIN,1,1
1083,2017,2,CIN,9,13,HOU,CIN,0,0
1084,2017,2,ATL,34,23,GB,ATL,1,1
1085,2017,2,BAL,24,10,CLE,BAL,1,1
1086,2017,2,CAR,9,3,BUF,CAR,1,1
1087,2017,2,DEN,42,17,DAL,DAL,0,1
1088,2017,2,IND,13,16,ARI,ARI,1,0
1089,2017,2,JAX,16,37,TEN,TEN,1,0
1090,2017,2,KC,27,20,PHI,KC,1,1
1091,2017,2,LAC,17,19,MIA,LAC,0,0
1092,2017,2,LAR,20,27,WAS,LAR,0,0
1093,2017,2,NO,20,36,NE,NE,1,0
1094,2017,2,LVR,45,20,NYJ,LVR,1,1
1095,2017,2,PIT,26,9,MIN,PIT,1,1
1096,2017,2,SEA,12,9,SF,SEA,1,1
1097,2017,2,TB,29,7,CHI,TB,1,1
1098,2017,2,NYG,10,24,DET,NYG,0,0
1099,2017,3,SF,39,41,LAR,LAR,1,0
1100,2017,3,BUF,26,16,DEN,DEN,0,1
1101,2017,3,CAR,13,34,NO,CAR,0,0
1102,2017,3,CHI,23,17,PIT,PIT,0,1
1103,2017,3,DET,26,30,ATL,ATL,1,0
1104,2017,3,GB,27,24,CIN,GB,1,1
1105,2017,3,IND,31,28,CLE,CLE,0,1
1106,2017,3,JAX,44,7,BAL,BAL,0,1
1107,2017,3,LAC,10,24,KC,KC,1,0
1108,2017,3,MIN,34,17,TB,TB,0,1
1109,2017,3,NE,36,33,HOU,NE,1,1
1110,2017,3,NYJ,20,6,MIA,MIA,0,1
1111,2017,3,PHI,27,24,NYG,PHI,1,1
1112,2017,3,TEN,33,27,SEA,TEN,1,1
1113,2017,3,WAS,27,10,LVR,LVR,0,1
1114,2017,3,ARI,17,28,DAL,DAL,1,0
1115,2017,4,GB,35,14,CHI,GB,1,1
1116,2017,4,ARI,18,15,SF,ARI,1,1
1117,2017,4,ATL,17,23,BUF,ATL,0,0
1118,2017,4,BAL,9,26,PIT,PIT,1,0
1119,2017,4,CLE,7,31,CIN,CIN,1,0
1120,2017,4,DAL,30,35,LAR,DAL,0,0
1121,2017,4,DEN,16,10,LVR,DEN,1,1
1122,2017,4,HOU,57,14,TEN,TEN,0,1
1123,2017,4,LAC,24,26,PHI,LAC,0,0
1124,2017,4,MIA,0,20,NO,NO,1,0
1125,2017,4,MIN,7,14,DET,MIN,0,0
1126,2017,4,NE,30,33,CAR,NE,0,0
1127,2017,4,NYJ,23,20,JAX,JAX,0,1
1128,2017,4,SEA,46,17,IND,SEA,1,1
1129,2017,4,TB,25,23,NYG,TB,1,1
1130,2017,4,KC,29,20,WAS,KC,1,1
1131,2017,5,TB,14,19,NE,NE,1,0
1132,2017,5,CIN,20,16,BUF,CIN,1,1
1133,2017,5,CLE,14,17,NYJ,NYJ,1,0
1134,2017,5,DAL,31,35,GB,DAL,0,0
1135,2017,5,DET,24,27,CAR,DET,0,0
1136,2017,5,HOU,34,42,KC,KC,1,0
1137,2017,5,IND,26,23,SF,IND,1,1
1138,2017,5,LAR,10,16,SEA,LAR,0,0
1139,2017,5,MIA,16,10,TEN,TEN,0,1
1140,2017,5,NYG,22,27,LAC,NYG,0,0
1141,2017,5,LVR,17,30,BAL,LVR,0,0
1142,2017,5,PHI,34,7,ARI,PHI,1,1
1143,2017,5,PIT,9,30,JAX,PIT,0,0
1144,2017,5,CHI,17,20,MIN,MIN,1,0
1145,2017,6,CAR,23,28,PHI,CAR,0,0
1146,2017,6,ARI,38,33,TB,TB,0,1
1147,2017,6,ATL,17,20,MIA,ATL,0,0
1148,2017,6,BAL,24,27,CHI,BAL,0,0
1149,2017,6,DEN,10,23,NYG,DEN,0,0
1150,2017,6,HOU,33,17,CLE,HOU,1,1
1151,2017,6,JAX,17,27,LAR,JAX,0,0
1152,2017,6,KC,13,19,PIT,KC,0,0
1153,2017,6,MIN,23,10,GB,GB,0,1
1154,2017,6,NO,52,38,DET,NO,1,1
1155,2017,6,NYJ,17,24,NE,NE,1,0
1156,2017,6,LVR,16,17,LAC,LVR,0,0
1157,2017,6,WAS,26,24,SF,WAS,1,1
1158,2017,6,TEN,36,22,IND,TEN,1,1
1159,2017,7,LVR,31,30,KC,KC,0,1
1160,2017,7,BUF,30,27,TB,BUF,1,1
1161,2017,7,CHI,17,3,CAR,CAR,0,1
1162,2017,7,CLE,9,12,TEN,TEN,1,0
1163,2017,7,GB,17,26,NO,NO,1,0
1164,2017,7,IND,0,27,JAX,JAX,1,0
1165,2017,7,LAC,21,0,DEN,DEN,0,1
1166,2017,7,LAR,33,0,ARI,LAR,1,1
1167,2017,7,MIA,31,28,NYJ,MIA,1,1
1168,2017,7,MIN,24,16,BAL,MIN,1,1
1169,2017,7,NE,23,7,ATL,NE,1,1
1170,2017,7,NYG,7,24,SEA,SEA,1,0
1171,2017,7,PIT,29,14,CIN,PIT,1,1
1172,2017,7,SF,10,40,DAL,DAL,1,0
1173,2017,7,PHI,34,24,WAS,PHI,1,1
1174,2017,8,BAL,40,0,MIA,BAL,1,1
1175,2017,8,BUF,34,14,LVR,BUF,1,1
1176,2017,8,CIN,24,23,IND,CIN,1,1
1177,2017,8,CLE,16,33,MIN,MIN,1,0
1178,2017,8,DET,15,20,PIT,PIT,1,0
1179,2017,8,NE,21,13,LAC,NE,1,1
1180,2017,8,NO,20,12,CHI,NO,1,1
1181,2017,8,NYJ,20,25,ATL,ATL,1,0
1182,2017,8,PHI,33,10,SF,PHI,1,1
1183,2017,8,SEA,41,38,HOU,SEA,1,1
1184,2017,8,TB,3,17,CAR,TB,0,0
1185,2017,8,WAS,19,33,DAL,DAL,1,0
1186,2017,8,KC,29,19,DEN,KC,1,1
1187,2017,9,NYJ,34,21,BUF,BUF,0,1
1188,2017,9,CAR,20,17,ATL,ATL,0,1
1189,2017,9,DAL,28,17,KC,DAL,1,1
1190,2017,9,HOU,14,20,IND,HOU,0,0
1191,2017,9,JAX,23,7,CIN,JAX,1,1
1192,2017,9,MIA,24,27,LVR,LVR,1,0
1193,2017,9,NO,30,10,TB,NO,1,1
1194,2017,9,NYG,17,51,LAR,LAR,1,0
1195,2017,9,PHI,51,23,DEN,PHI,1,1
1196,2017,9,SF,10,20,ARI,ARI,1,0
1197,2017,9,SEA,14,17,WAS,SEA,0,0
1198,2017,9,TEN,23,20,BAL,TEN,1,1
1199,2017,9,GB,17,30,DET,DET,1,0
1200,2017,10,ARI,16,22,SEA,SEA,1,0
1201,2017,10,ATL,27,7,DAL,ATL,1,1
1202,2017,10,BUF,10,47,NO,NO,1,0
1203,2017,10,CHI,16,23,GB,CHI,0,0
1204,2017,10,DEN,16,41,NE,NE,1,0
1205,2017,10,DET,38,24,CLE,DET,1,1
1206,2017,10,IND,17,20,PIT,PIT,1,0
1207,2017,10,JAX,20,17,LAC,JAX,1,1
1208,2017,10,LAR,33,7,HOU,LAR,1,1
1209,2017,10,SF,31,21,NYG,NYG,0,1
1210,2017,10,TB,15,10,NYJ,TB,1,1
1211,2017,10,TEN,24,20,CIN,TEN,1,1
1212,2017,10,WAS,30,38,MIN,MIN,1,0
1213,2017,10,CAR,45,21,MIA,CAR,1,1
1214,2017,11,PIT,40,17,TEN,PIT,1,1
1215,2017,11,CHI,24,27,DET,DET,1,0
1216,2017,11,CLE,7,19,JAX,JAX,1,0
1217,2017,11,DAL,9,37,PHI,PHI,1,0
1218,2017,11,DEN,17,20,CIN,DEN,0,0
1219,2017,11,GB,0,23,BAL,BAL,1,0
1220,2017,11,HOU,31,21,ARI,HOU,1,1
1221,2017,11,LAC,54,24,BUF,LAC,1,1
1222,2017,11,MIA,20,30,TB,TB,1,0
1223,2017,11,MIN,24,7,LAR,MIN,1,1
1224,2017,11,NO,34,31,WAS,NO,1,1
1225,2017,11,NYG,12,9,KC,KC,0,1
1226,2017,11,LVR,8,33,NE,NE,1,0
1227,2017,11,SEA,31,34,ATL,SEA,0,0
1228,2017,12,DAL,6,28,LAC,LAC,1,0
1229,2017,12,DET,23,30,MIN,MIN,1,0
1230,2017,12,WAS,20,10,NYG,WAS,1,1
1231,2017,12,ARI,27,24,JAX,JAX,0,1
1232,2017,12,ATL,34,20,TB,ATL,1,1
1233,2017,12,CIN,30,16,CLE,CIN,1,1
1234,2017,12,IND,16,20,TEN,TEN,1,0
1235,2017,12,KC,10,16,BUF,KC,0,0
1236,2017,12,LAR,26,20,NO,LAR,1,1
1237,2017,12,NE,35,17,MIA,NE,1,1
1238,2017,12,NYJ,27,35,CAR,CAR,1,0
1239,2017,12,LVR,21,14,DEN,LVR,1,1
1240,2017,12,PHI,31,3,CHI,PHI,1,1
1241,2017,12,PIT,31,28,GB,PIT,1,1
1242,2017,12,SF,13,24,SEA,SEA,1,0
1243,2017,12,BAL,23,16,HOU,BAL,1,1
1244,2017,13,DAL,38,14,WAS,WAS,0,1
1245,2017,13,ARI,16,32,LAR,LAR,1,0
1246,2017,13,ATL,9,14,MIN,ATL,0,0
1247,2017,13,BAL,44,20,DET,BAL,1,1
1248,2017,13,BUF,3,23,NE,NE,1,0
1249,2017,13,CHI,14,15,SF,CHI,0,0
1250,2017,13,GB,26,20,TB,GB,1,1
1251,2017,13,JAX,30,10,IND,JAX,1,1
1252,2017,13,LAC,19,10,CLE,LAC,1,1
1253,2017,13,MIA,35,9,DEN,DEN,0,1
1254,2017,13,NO,31,21,CAR,NO,1,1
1255,2017,13,NYJ,38,31,KC,KC,0,1
1256,2017,13,LVR,24,17,NYG,LVR,1,1
1257,2017,13,SEA,24,10,PHI,PHI,0,1
1258,2017,13,TEN,24,13,HOU,TEN,1,1
1259,2017,13,CIN,20,23,PIT,PIT,1,0
1260,2017,14,ATL,20,17,NO,ATL,1,1
1261,2017,14,ARI,12,7,TEN,TEN,0,1
1262,2017,14,BUF,13,7,IND,BUF,1,1
1263,2017,14,CAR,31,24,MIN,MIN,0,1
1264,2017,14,CIN,7,33,CHI,CIN,0,0
1265,2017,14,CLE,21,27,GB,GB,1,0
1266,2017,14,DEN,23,0,NYJ,NYJ,0,1
1267,2017,14,HOU,16,26,SF,HOU,0,0
1268,2017,14,JAX,30,24,SEA,JAX,1,1
1269,2017,14,KC,26,15,LVR,KC,1,1
1270,2017,14,LAC,30,13,WAS,LAC,1,1
1271,2017,14,LAR,35,43,PHI,LAR,0,0
1272,2017,14,NYG,10,30,DAL,DAL,1,0
1273,2017,14,PIT,39,38,BAL,PIT,1,1
1274,2017,14,TB,21,24,DET,PICK,0,0
1275,2017,14,MIA,27,20,NE,NE,0,1
1276,2017,15,IND,13,25,DEN,DEN,1,0
1277,2017,15,DET,20,10,CHI,DET,1,1
1278,2017,15,KC,30,13,LAC,LAC,0,1
1279,2017,15,BUF,24,16,MIA,BUF,1,1
1280,2017,15,CAR,31,24,GB,CAR,1,1
1281,2017,15,CLE,10,27,BAL,BAL,1,0
1282,2017,15,JAX,45,7,HOU,JAX,1,1
1283,2017,15,MIN,34,7,CIN,MIN,1,1
1284,2017,15,NO,31,19,NYJ,NO,1,1
1285,2017,15,NYG,29,34,PHI,PHI,1,0
1286,2017,15,LVR,17,20,DAL,DAL,1,0
1287,2017,15,PIT,24,27,NE,NE,1,0
1288,2017,15,SF,25,23,TEN,SF,1,1
1289,2017,15,SEA,7,42,LAR,LAR,1,0
1290,2017,15,WAS,20,15,ARI,WAS,1,1
1291,2017,15,TB,21,24,ATL,ATL,1,0
1292,2017,16,BAL,23,16,IND,BAL,1,1
1293,2017,16,GB,0,16,MIN,MIN,1,0
1294,2017,16,ARI,23,0,NYG,ARI,1,1
1295,2017,16,CAR,22,19,TB,CAR,1,1
1296,2017,16,CHI,20,3,CLE,CHI,1,1
1297,2017,16,CIN,26,17,DET,DET,0,1
1298,2017,16,DAL,12,21,SEA,DAL,0,0
1299,2017,16,KC,29,13,MIA,KC,1,1
1300,2017,16,NE,37,16,BUF,NE,1,1
1301,2017,16,NO,23,13,ATL,NO,1,1
1302,2017,16,NYJ,7,14,LAC,LAC,1,0
1303,2017,16,SF,44,33,JAX,JAX,0,1
1304,2017,16,TEN,23,27,LAR,LAR,1,0
1305,2017,16,WAS,27,11,DEN,WAS,1,1
1306,2017,16,HOU,6,34,PIT,PIT,1,0
1307,2017,16,PHI,19,10,LVR,PHI,1,1
1308,2017,17,ATL,22,10,CAR,ATL,1,1
1309,2017,17,BAL,27,31,CIN,BAL,0,0
1310,2017,17,DEN,24,27,KC,DEN,0,0
1311,2017,17,DET,35,11,GB,DET,1,1
1312,2017,17,IND,22,13,HOU,IND,1,1
1313,2017,17,LAC,30,10,LVR,LAC,1,1
1314,2017,17,LAR,13,34,SF,SF,1,0
1315,2017,17,MIA,16,22,BUF,BUF,1,0
1316,2017,17,MIN,23,10,CHI,MIN,1,1
1317,2017,17,NE,26,6,NYJ,NE,1,1
1318,2017,17,NYG,18,10,WAS,WAS,0,1
1319,2017,17,PHI,0,6,DAL,DAL,1,0
1320,2017,17,PIT,28,24,CLE,PIT,1,1
1321,2017,17,SEA,24,26,ARI,SEA,0,0
1322,2017,17,TB,31,24,NO,NO,0,1
1323,2017,17,TEN,15,10,JAX,TEN,1,1
1324,2017,Wildcard,KC,21,22,TEN,KC,0,0
1325,2017,Wildcard,LAR,13,26,ATL,LAR,0,0
1326,2017,Wildcard,JAX,10,3,BUF,JAX,1,1
1327,2017,Wildcard,NO,31,26,CAR,NO,1,1
1328,2017,Division,NE,35,14,TEN,NE,1,1
1329,2017,Division,PHI,15,10,ATL,ATL,0,1
1330,2017,Division,MIN,29,24,NO,MIN,1,1
1331,2017,Division,PIT,42,45,JAX,PIT,0,0
1332,2017,Conference,NE,24,20,JAX,NE,1,1
1333,2017,Conference,PHI,38,7,MIN,MIN,0,1
1334,2017,Superbowl,NE,33,41,PHI,NE,0,0
1335,2018,1,PHI,18,12,ATL,PHI,1,1
1336,2018,1,ARI,6,24,WAS,ARI,0,0
1337,2018,1,BAL,47,3,BUF,BAL,1,1
1338,2018,1,CAR,16,8,DAL,CAR,1,1
1339,2018,1,CLE,21,21,PIT,PIT,1,0
1340,2018,1,DEN,27,24,SEA,DEN,1,1
1341,2018,1,GB,24,23,CHI,GB,1,1
1342,2018,1,IND,23,34,CIN,CIN,1,0
1343,2018,1,LAC,28,38,KC,LAC,0,0
1344,2018,1,MIA,27,20,TEN,TEN,0,1
1345,2018,1,MIN,24,16,SF,MIN,1,1
1346,2018,1,NE,27,20,HOU,NE,1,1
1347,2018,1,NO,40,48,TB,NO,0,0
1348,2018,1,NYG,15,20,JAX,JAX,1,0
1349,2018,1,DET,17,48,NYJ,DET,0,0
1350,2018,1,LVR,13,33,LAR,LAR,1,0
1351,2018,2,CIN,34,23,BAL,CIN,1,1
1352,2018,2,ATL,31,24,CAR,ATL,1,1
1353,2018,2,BUF,20,31,LAC,LAC,1,0
1354,2018,2,DAL,20,13,NYG,DAL,1,1
1355,2018,2,DEN,20,19,LVR,DEN,1,1
1356,2018,2,GB,29,29,MIN,MIN,1,0
1357,2018,2,JAX,31,20,NE,NE,0,1
1358,2018,2,LAR,34,0,ARI,LAR,1,1
1359,2018,2,NO,21,18,CLE,NO,1,1
1360,2018,2,NYJ,12,20,MIA,NYJ,0,0
1361,2018,2,PIT,37,42,KC,PIT,0,0
1362,2018,2,SF,30,27,DET,SF,1,1
1363,2018,2,TB,27,21,PHI,PHI,0,1
1364,2018,2,TEN,20,17,HOU,HOU,0,1
1365,2018,2,WAS,9,21,IND,WAS,0,0
1366,2018,2,CHI,24,17,SEA,CHI,1,1
1367,2018,3,CLE,21,17,NYJ,CLE,1,1
1368,2018,3,ARI,14,16,CHI,CHI,1,0
1369,2018,3,ATL,37,43,NO,ATL,0,0
1370,2018,3,BAL,27,14,DEN,BAL,1,1
1371,2018,3,CAR,31,21,CIN,CAR,1,1
1372,2018,3,DET,26,10,NE,NE,0,1
1373,2018,3,HOU,22,27,NYG,HOU,0,0
1374,2018,3,JAX,6,9,TEN,JAX,0,0
1375,2018,3,KC,38,27,SF,KC,1,1
1376,2018,3,LAR,35,23,LAC,LAR,1,1
1377,2018,3,MIA,28,20,LVR,MIA,1,1
1378,2018,3,MIN,6,27,BUF,MIN,0,0
1379,2018,3,PHI,20,16,IND,PHI,1,1
1380,2018,3,SEA,24,13,DAL,SEA,1,1
1381,2018,3,WAS,31,17,GB,GB,0,1
1382,2018,3,TB,27,30,PIT,PIT,1,0
1383,2018,4,LAR,38,31,MIN,LAR,1,1
1384,2018,4,ARI,17,20,SEA,SEA,1,0
1385,2018,4,ATL,36,37,CIN,ATL,0,0
1386,2018,4,CHI,48,10,TB,CHI,1,1
1387,2018,4,DAL,26,24,DET,DAL,1,1
1388,2018,4,GB,22,0,BUF,GB,1,1
1389,2018,4,IND,34,37,HOU,IND,0,0
1390,2018,4,JAX,31,12,NYJ,JAX,1,1
1391,2018,4,LAC,29,27,SF,LAC,1,1
1392,2018,4,NE,38,7,MIA,NE,1,1
1393,2018,4,NYG,18,33,NO,NO,1,0
1394,2018,4,LVR,45,42,CLE,LVR,1,1
1395,2018,4,PIT,14,26,BAL,PIT,0,0
1396,2018,4,TEN,26,23,PHI,PHI,0,1
1397,2018,4,DEN,23,27,KC,KC,1,0
1398,2018,5,NE,38,24,IND,NE,1,1
1399,2018,5,BUF,13,12,TEN,TEN,0,1
1400,2018,5,CAR,33,31,NYG,CAR,1,1
1401,2018,5,CIN,27,17,MIA,CIN,1,1
1402,2018,5,CLE,12,9,BAL,BAL,0,1
1403,2018,5,DET,31,23,GB,GB,0,1
1404,2018,5,HOU,19,16,DAL,HOU,1,1
1405,2018,5,KC,30,14,JAX,KC,1,1
1406,2018,5,LAC,26,10,LVR,LAC,1,1
1407,2018,5,NYJ,34,16,DEN,NYJ,1,1
1408,2018,5,PHI,21,23,MIN,PHI,0,0
1409,2018,5,PIT,41,17,ATL,PIT,1,1
1410,2018,5,SF,18,28,ARI,SF,0,0
1411,2018,5,SEA,31,33,LAR,LAR,1,0
1412,2018,5,NO,43,19,WAS,NO,1,1
1413,2018,6,NYG,13,34,PHI,PHI,1,0
1414,2018,6,ATL,34,29,TB,ATL,1,1
1415,2018,6,CIN,21,28,PIT,CIN,0,0
1416,2018,6,CLE,14,38,LAC,CLE,0,0
1417,2018,6,DAL,40,7,JAX,JAX,0,1
1418,2018,6,DEN,20,23,LAR,LAR,1,0
1419,2018,6,HOU,20,13,BUF,HOU,1,1
1420,2018,6,MIA,31,28,CHI,CHI,0,1
1421,2018,6,MIN,27,17,ARI,MIN,1,1
1422,2018,6,NE,43,40,KC,NE,1,1
1423,2018,6,NYJ,42,34,IND,NYJ,1,1
1424,2018,6,LVR,3,27,SEA,SEA,1,0
1425,2018,6,TEN,0,21,BAL,BAL,1,0
1426,2018,6,WAS,23,17,CAR,CAR,0,1
1427,2018,6,GB,33,30,SF,GB,1,1
1428,2018,7,ARI,10,45,DEN,DEN,1,0
1429,2018,7,BAL,23,24,NO,BAL,0,0
1430,2018,7,CHI,31,38,NE,NE,1,0
1431,2018,7,IND,37,5,BUF,IND,1,1
1432,2018,7,JAX,7,20,HOU,JAX,0,0
1433,2018,7,KC,45,10,CIN,KC,1,1
1434,2018,7,LAC,20,19,TEN,LAC,1,1
1435,2018,7,MIA,21,32,DET,DET,1,0
1436,2018,7,NYJ,17,37,MIN,MIN,1,0
1437,2018,7,PHI,17,21,CAR,PHI,0,0
1438,2018,7,SF,10,39,LAR,LAR,1,0
1439,2018,7,TB,26,23,CLE,TB,1,1
1440,2018,7,WAS,20,17,DAL,DAL,0,1
1441,2018,7,ATL,23,20,NYG,ATL,1,1
1442,2018,8,HOU,42,23,MIA,HOU,1,1
1443,2018,8,ARI,18,15,SF,ARI,1,1
1444,2018,8,CAR,36,21,BAL,BAL,0,1
1445,2018,8,CHI,24,10,NYJ,CHI,1,1
1446,2018,8,CIN,37,34,TB,CIN,1,1
1447,2018,8,DET,14,28,SEA,DET,0,0
1448,2018,8,JAX,18,24,PHI,PHI,1,0
1449,2018,8,KC,30,23,DEN,KC,1,1
1450,2018,8,LAR,29,27,GB,LAR,1,1
1451,2018,8,MIN,20,30,NO,MIN,0,0
1452,2018,8,NYG,13,20,WAS,WAS,1,0
1453,2018,8,LVR,28,42,IND,IND,1,0
1454,2018,8,PIT,33,18,CLE,PIT,1,1
1455,2018,8,BUF,6,25,NE,NE,1,0
1456,2018,9,SF,34,3,LVR,LVR,0,1
1457,2018,9,BAL,16,23,PIT,BAL,0,0
1458,2018,9,BUF,9,41,CHI,CHI,1,0
1459,2018,9,CAR,42,28,TB,CAR,1,1
1460,2018,9,CLE,21,37,KC,KC,1,0
1461,2018,9,DEN,17,19,HOU,DEN,0,0
1462,2018,9,MIA,13,6,NYJ,MIA,1,1
1463,2018,9,MIN,24,9,DET,MIN,1,1
1464,2018,9,NE,31,17,GB,NE,1,1
1465,2018,9,NO,45,35,LAR,LAR,0,1
1466,2018,9,SEA,17,25,LAC,SEA,0,0
1467,2018,9,WAS,14,38,ATL,WAS,0,0
1468,2018,9,DAL,14,28,TEN,DAL,0,0
1469,2018,10,PIT,52,21,CAR,PIT,1,1
1470,2018,10,CHI,34,22,DET,CHI,1,1
1471,2018,10,CIN,14,51,NO,NO,1,0
1472,2018,10,CLE,28,16,ATL,ATL,0,1
1473,2018,10,GB,31,12,MIA,GB,1,1
1474,2018,10,IND,29,26,JAX,IND,1,1
1475,2018,10,KC,26,14,ARI,KC,1,1
1476,2018,10,LAR,36,31,SEA,LAR,1,1
1477,2018,10,NYJ,10,41,BUF,NYJ,0,0
1478,2018,10,LVR,6,20,LAC,LAC,1,0
1479,2018,10,PHI,20,27,DAL,PHI,0,0
1480,2018,10,TB,3,16,WAS,TB,0,0
1481,2018,10,TEN,34,10,NE,NE,0,1
1482,2018,10,SF,23,27,NYG,SF,0,0
1483,2018,11,SEA,27,24,GB,SEA,1,1
1484,2018,11,ARI,21,23,LVR,ARI,0,0
1485,2018,11,ATL,19,22,DAL,ATL,0,0
1486,2018,11,BAL,24,21,CIN,BAL,1,1
1487,2018,11,CHI,25,20,MIN,CHI,1,1
1488,2018,11,DET,20,19,CAR,CAR,0,1
1489,2018,11,IND,38,10,TEN,IND,1,1
1490,2018,11,JAX,16,20,PIT,PIT,1,0
1491,2018,11,LAC,22,23,DEN,LAC,0,0
1492,2018,11,NO,48,7,PHI,NO,1,1
1493,2018,11,NYG,38,35,TB,NYG,1,1
1494,2018,11,WAS,21,23,HOU,HOU,1,0
1495,2018,11,LAR,54,51,KC,LAR,1,1
1496,2018,12,DAL,31,23,WAS,DAL,1,1
1497,2018,12,DET,16,23,CHI,CHI,1,0
1498,2018,12,NO,31,17,ATL,NO,1,1
1499,2018,12,BAL,34,17,LVR,BAL,1,1
1500,2018,12,BUF,24,21,JAX,JAX,0,1
1501,2018,12,CAR,27,30,SEA,CAR,0,0
1502,2018,12,CIN,20,35,CLE,CLE,1,0
1503,2018,12,DEN,24,17,PIT,PIT,0,1
1504,2018,12,IND,27,24,MIA,IND,1,1
1505,2018,12,LAC,45,10,ARI,LAC,1,1
1506,2018,12,MIN,24,17,GB,MIN,1,1
1507,2018,12,NYJ,13,27,NE,NE,1,0
1508,2018,12,PHI,25,22,NYG,PHI,1,1
1509,2018,12,TB,27,9,SF,TB,1,1
1510,2018,12,HOU,34,17,TEN,HOU,1,1
1511,2018,13,DAL,13,10,NO,NO,0,1
1512,2018,13,ATL,16,26,BAL,ATL,0,0
1513,2018,13,CIN,10,24,DEN,DEN,1,0
1514,2018,13,DET,16,30,LAR,LAR,1,0
1515,2018,13,GB,17,20,ARI,GB,0,0
1516,2018,13,HOU,29,13,CLE,HOU,1,1
1517,2018,13,JAX,6,0,IND,IND,0,1
1518,2018,13,MIA,21,17,BUF,MIA,1,1
1519,2018,13,NE,24,10,MIN,NE,1,1
1520,2018,13,NYG,30,27,CHI,CHI,0,1
1521,2018,13,LVR,33,40,KC,KC,1,0
1522,2018,13,PIT,30,33,LAC,PIT,0,0
1523,2018,13,SEA,43,16,SF,SEA,1,1
1524,2018,13,TB,24,17,CAR,CAR,0,1
1525,2018,13,TEN,26,22,NYJ,TEN,1,1
1526,2018,13,PHI,28,13,WAS,PHI,1,1
1527,2018,14,TEN,30,9,JAX,TEN,1,1
1528,2018,14,ARI,3,17,DET,DET,1,0
1529,2018,14,BUF,23,27,NYJ,BUF,0,0
1530,2018,14,CHI,15,6,LAR,LAR,0,1
1531,2018,14,CLE,26,20,CAR,CAR,0,1
1532,2018,14,DAL,29,23,PHI,DAL,1,1
1533,2018,14,GB,34,20,ATL,GB,1,1
1534,2018,14,HOU,21,24,IND,HOU,0,0
1535,2018,14,KC,27,24,BAL,KC,1,1
1536,2018,14,LAC,26,21,CIN,LAC,1,1
1537,2018,14,MIA,34,33,NE,NE,0,1
1538,2018,14,LVR,24,21,PIT,PIT,0,1
1539,2018,14,SF,20,14,DEN,DEN,0,1
1540,2018,14,TB,14,28,NO,NO,1,0
1541,2018,14,WAS,16,40,NYG,NYG,1,0
1542,2018,14,SEA,21,7,MIN,SEA,1,1
1543,2018,15,KC,28,29,LAC,KC,0,0
1544,2018,15,DEN,16,17,CLE,DEN,0,0
1545,2018,15,NYJ,22,29,HOU,HOU,1,0
1546,2018,15,ATL,40,14,ARI,ATL,1,1
1547,2018,15,BAL,20,12,TB,BAL,1,1
1548,2018,15,BUF,14,13,DET,BUF,1,1
1549,2018,15,CHI,24,17,GB,CHI,1,1
1550,2018,15,CIN,30,16,LVR,CIN,1,1
1551,2018,15,IND,23,0,DAL,IND,1,1
1552,2018,15,JAX,13,16,WAS,JAX,0,0
1553,2018,15,LAR,23,30,PHI,LAR,0,0
1554,2018,15,MIN,41,17,MIA,MIN,1,1
1555,2018,15,NYG,0,17,TEN,TEN,1,0
1556,2018,15,PIT,17,10,NE,NE,0,1
1557,2018,15,SF,26,23,SEA,SEA,0,1
1558,2018,15,CAR,9,12,NO,NO,1,0
1559,2018,16,LAC,10,22,BAL,LAC,0,0
1560,2018,16,TEN,25,16,WAS,TEN,1,1
1561,2018,16,ARI,9,31,LAR,LAR,1,0
1562,2018,16,CAR,10,24,ATL,ATL,1,0
1563,2018,16,CLE,26,18,CIN,CLE,1,1
1564,2018,16,DAL,27,20,TB,DAL,1,1
1565,2018,16,DET,9,27,MIN,MIN,1,0
1566,2018,16,IND,28,27,NYG,IND,1,1
1567,2018,16,MIA,7,17,JAX,MIA,0,0
1568,2018,16,NE,24,12,BUF,NE,1,1
1569,2018,16,NO,31,28,PIT,NO,1,1
1570,2018,16,NYJ,38,44,GB,GB,1,0
1571,2018,16,PHI,32,30,HOU,PHI,1,1
1572,2018,16,SF,9,14,CHI,CHI,1,0
1573,2018,16,SEA,38,31,KC,KC,0,1
1574,2018,16,LVR,27,14,DEN,DEN,0,1
1575,2018,17,BAL,26,24,CLE,BAL,1,1
1576,2018,17,BUF,42,17,MIA,BUF,1,1
1577,2018,17,DEN,9,23,LAC,LAC,1,0
1578,2018,17,GB,0,31,DET,GB,0,0
1579,2018,17,HOU,20,3,JAX,HOU,1,1
1580,2018,17,KC,35,3,LVR,KC,1,1
1581,2018,17,LAR,48,32,SF,LAR,1,1
1582,2018,17,MIN,10,24,CHI,MIN,0,0
1583,2018,17,NE,38,3,NYJ,NE,1,1
1584,2018,17,NO,14,33,CAR,NO,0,0
1585,2018,17,NYG,35,36,DAL,NYG,0,0
1586,2018,17,PIT,16,13,CIN,PIT,1,1
1587,2018,17,SEA,27,24,ARI,SEA,1,1
1588,2018,17,TB,32,34,ATL,ATL,1,0
1589,2018,17,TEN,17,33,IND,IND,1,0
1590,2018,17,WAS,0,24,PHI,PHI,1,0
1591,2018,Wildcard,DAL,24,22,SEA,DAL,1,1
1592,2018,Wildcard,HOU,7,21,IND,HOU,0,0
1593,2018,Wildcard,BAL,17,23,LAC,BAL,0,0
1594,2018,Wildcard,CHI,15,16,PHI,CHI,0,0
1595,2018,Division,KC,31,13,IND,KC,1,1
1596,2018,Division,LAR,30,22,DAL,LAR,1,1
1597,2018,Division,NE,41,28,LAC,NE,1,1
1598,2018,Division,NO,20,14,PHI,NO,1,1
1599,2018,Conference,KC,31,37,NE,KC,0,0
1600,2018,Conference,NO,23,26,LAR,NO,0,0
1601,2018,Superbowl,LAR,3,13,NE,NE,1,0
1602,2019,1,CHI,3,10,GB,CHI,0,0
1603,2019,1,ARI,27,27,DET,DET,1,0
1604,2019,1,CAR,27,30,LAR,LAR,1,0
1605,2019,1,CLE,13,43,TEN,CLE,0,0
1606,2019,1,DAL,35,17,NYG,DAL,1,1
1607,2019,1,JAX,26,40,KC,KC,1,0
1608,2019,1,LAC,30,24,IND,LAC,1,1
1609,2019,1,MIA,10,59,BAL,BAL,1,0
1610,2019,1,MIN,28,12,ATL,MIN,1,1
1611,2019,1,NE,33,3,PIT,NE,1,1
1612,2019,1,NYJ,16,17,BUF,NYJ,0,0
1613,2019,1,PHI,32,27,WAS,PHI,1,1
1614,2019,1,SEA,21,20,CIN,SEA,1,1
1615,2019,1,TB,17,31,SF,TB,0,0
1616,2019,1,NO,30,28,HOU,NO,1,1
1617,2019,1,LVR,24,16,DEN,DEN,0,1
1618,2019,2,CAR,14,20,TB,CAR,0,0
1619,2019,2,ATL,24,20,PHI,PHI,0,1
1620,2019,2,BAL,23,17,ARI,BAL,1,1
1621,2019,2,CIN,17,41,SF,CIN,0,0
1622,2019,2,DEN,14,16,CHI,CHI,1,0
1623,2019,2,DET,13,10,LAC,LAC,0,1
1624,2019,2,GB,21,16,MIN,GB,1,1
1625,2019,2,HOU,13,12,JAX,HOU,1,1
1626,2019,2,LAR,27,9,NO,LAR,1,1
1627,2019,2,MIA,0,43,NE,NE,1,0
1628,2019,2,NYG,14,28,BUF,BUF,1,0
1629,2019,2,LVR,10,28,KC,KC,1,0
1630,2019,2,PIT,26,28,SEA,PIT,0,0
1631,2019,2,TEN,17,19,IND,TEN,0,0
1632,2019,2,WAS,21,31,DAL,DAL,1,0
1633,2019,2,NYJ,3,23,CLE,CLE,1,0
1634,2019,3,JAX,20,7,TEN,TEN,0,1
1635,2019,3,ARI,20,38,CAR,ARI,0,0
1636,2019,3,BUF,21,17,CIN,BUF,1,1
1637,2019,3,CLE,13,20,LAR,LAR,1,0
1638,2019,3,DAL,31,6,MIA,DAL,1,1
1639,2019,3,GB,27,16,DEN,GB,1,1
1640,2019,3,IND,27,24,ATL,IND,1,1
1641,2019,3,KC,33,28,BAL,KC,1,1
1642,2019,3,LAC,20,27,HOU,LAC,0,0
1643,2019,3,MIN,34,14,LVR,MIN,1,1
1644,2019,3,NE,30,14,NYJ,NE,1,1
1645,2019,3,PHI,24,27,DET,PHI,0,0
1646,2019,3,SF,24,20,PIT,SF,1,1
1647,2019,3,SEA,27,33,NO,SEA,0,0
1648,2019,3,TB,31,32,NYG,TB,0,0
1649,2019,3,WAS,15,31,CHI,CHI,1,0
1650,2019,4,GB,27,34,PHI,GB,0,0
1651,2019,4,ARI,10,27,SEA,SEA,1,0
1652,2019,4,ATL,10,24,TEN,ATL,0,0
1653,2019,4,BAL,25,40,CLE,BAL,0,0
1654,2019,4,BUF,10,16,NE,NE,1,0
1655,2019,4,CHI,16,6,MIN,CHI,1,1
1656,2019,4,DEN,24,26,JAX,DEN,0,0
1657,2019,4,DET,30,34,KC,KC,1,0
1658,2019,4,HOU,10,16,CAR,HOU,0,0
1659,2019,4,IND,24,31,LVR,IND,0,0
1660,2019,4,LAR,40,55,TB,LAR,0,0
1661,2019,4,MIA,10,30,LAC,LAC,1,0
1662,2019,4,NO,12,10,DAL,DAL,0,1
1663,2019,4,NYG,24,3,WAS,NYG,1,1
1664,2019,4,PIT,27,3,CIN,PIT,1,1
1665,2019,5,SEA,30,29,LAR,SEA,1,1
1666,2019,5,CAR,34,27,JAX,CAR,1,1
1667,2019,5,CIN,23,26,ARI,CIN,0,0
1668,2019,5,DAL,24,34,GB,DAL,0,0
1669,2019,5,HOU,53,32,ATL,HOU,1,1
1670,2019,5,KC,13,19,IND,KC,0,0
1671,2019,5,LAC,13,20,DEN,LAC,0,0
1672,2019,5,NO,31,24,TB,NO,1,1
1673,2019,5,NYG,10,28,MIN,MIN,1,0
1674,2019,5,LVR,24,21,CHI,CHI,0,1
1675,2019,5,PHI,31,6,NYJ,PHI,1,1
1676,2019,5,PIT,23,26,BAL,BAL,1,0
1677,2019,5,TEN,7,14,BUF,TEN,0,0
1678,2019,5,WAS,7,33,NE,NE,1,0
1679,2019,5,SF,31,3,CLE,SF,1,1
1680,2019,6,NE,35,14,NYG,NE,1,1
1681,2019,6,ARI,34,33,ATL,ATL,0,1
1682,2019,6,BAL,23,17,CIN,BAL,1,1
1683,2019,6,CLE,28,32,SEA,CLE,0,0
1684,2019,6,DEN,16,0,TEN,DEN,1,1
1685,2019,6,JAX,6,13,NO,JAX,0,0
1686,2019,6,KC,24,31,HOU,KC,0,0
1687,2019,6,LAC,17,24,PIT,LAC,0,0
1688,2019,6,LAR,7,20,SF,LAR,0,0
1689,2019,6,MIA,16,17,WAS,WAS,1,0
1690,2019,6,MIN,38,20,PHI,MIN,1,1
1691,2019,6,NYJ,24,22,DAL,DAL,0,1
1692,2019,6,TB,26,37,CAR,CAR,1,0
1693,2019,6,GB,23,22,DET,GB,1,1
1694,2019,7,DEN,6,30,KC,KC,1,0
1695,2019,7,ATL,10,37,LAR,LAR,1,0
1696,2019,7,BUF,31,21,MIA,BUF,1,1
1697,2019,7,CHI,25,36,NO,CHI,0,0
1698,2019,7,CIN,17,27,JAX,JAX,1,0
1699,2019,7,DAL,37,10,PHI,DAL,1,1
1700,2019,7,DET,30,42,MIN,MIN,1,0
1701,2019,7,GB,42,24,LVR,GB,1,1
1702,2019,7,IND,30,23,HOU,IND,1,1
1703,2019,7,NYG,21,27,ARI,NYG,0,0
1704,2019,7,SEA,16,30,BAL,SEA,0,0
1705,2019,7,TEN,23,20,LAC,TEN,1,1
1706,2019,7,WAS,0,9,SF,SF,1,0
1707,2019,7,NYJ,0,33,NE,NE,1,0
1708,2019,8,MIN,19,9,WAS,MIN,1,1
1709,2019,8,ATL,20,27,SEA,SEA,1,0
1710,2019,8,BUF,13,31,PHI,BUF,0,0
1711,2019,8,CHI,16,17,LAC,CHI,0,0
1712,2019,8,DET,31,26,NYG,DET,1,1
1713,2019,8,HOU,27,24,LVR,HOU,1,1
1714,2019,8,IND,15,13,DEN,IND,1,1
1715,2019,8,JAX,29,15,NYJ,JAX,1,1
1716,2019,8,KC,24,31,GB,GB,1,0
1717,2019,8,LAR,24,10,CIN,LAR,1,1
1718,2019,8,NE,27,13,CLE,NE,1,1
1719,2019,8,NO,31,9,ARI,NO,1,1
1720,2019,8,SF,51,13,CAR,SF,1,1
1721,2019,8,TEN,27,23,TB,TEN,1,1
1722,2019,8,PIT,27,14,MIA,PIT,1,1
1723,2019,9,ARI,25,28,SF,SF,1,0
1724,2019,9,BAL,37,20,NE,NE,0,1
1725,2019,9,BUF,24,9,WAS,BUF,1,1
1726,2019,9,CAR,30,20,TEN,CAR,1,1
1727,2019,9,DEN,24,19,CLE,CLE,0,1
1728,2019,9,JAX,3,26,HOU,JAX,0,0
1729,2019,9,KC,26,23,MIN,MIN,0,1
1730,2019,9,LAC,26,11,GB,GB,0,1
1731,2019,9,MIA,26,18,NYJ,NYJ,0,1
1732,2019,9,LVR,31,24,DET,LVR,1,1
1733,2019,9,PHI,22,14,CHI,PHI,1,1
1734,2019,9,PIT,26,24,IND,PIT,1,1
1735,2019,9,SEA,40,34,TB,SEA,1,1
1736,2019,9,NYG,18,37,DAL,DAL,1,0
1737,2019,10,LVR,26,24,LAC,LAC,0,1
1738,2019,10,CHI,20,13,DET,CHI,1,1
1739,2019,10,CIN,13,49,BAL,BAL,1,0
1740,2019,10,CLE,19,16,BUF,CLE,1,1
1741,2019,10,DAL,24,28,MIN,DAL,0,0
1742,2019,10,GB,24,16,CAR,GB,1,1
1743,2019,10,IND,12,16,MIA,IND,0,0
1744,2019,10,NO,9,26,ATL,NO,0,0
1745,2019,10,NYJ,34,27,NYG,NYG,0,1
1746,2019,10,PIT,17,12,LAR,LAR,0,1
1747,2019,10,TB,30,27,ARI,TB,1,1
1748,2019,10,TEN,35,32,KC,KC,0,1
1749,2019,10,SF,24,27,SEA,SF,0,0
1750,2019,11,CLE,21,7,PIT,CLE,1,1
1751,2019,11,BAL,41,7,HOU,BAL,1,1
1752,2019,11,CAR,3,29,ATL,CAR,0,0
1753,2019,11,DET,27,35,DAL,DAL,1,0
1754,2019,11,IND,33,13,JAX,IND,1,1
1755,2019,11,LAR,17,7,CHI,LAR,1,1
1756,2019,11,MIA,20,37,BUF,BUF,1,0
1757,2019,11,MIN,27,23,DEN,MIN,1,1
1758,2019,11,LVR,17,10,CIN,LVR,1,1
1759,2019,11,PHI,10,17,NE,NE,1,0
1760,2019,11,SF,36,26,ARI,SF,1,1
1761,2019,11,TB,17,34,NO,NO,1,0
1762,2019,11,WAS,17,34,NYJ,WAS,0,0
1763,2019,11,LAC,17,24,KC,KC,1,0
1764,2019,12,HOU,20,17,IND,HOU,1,1
1765,2019,12,ATL,22,35,TB,ATL,0,0
1766,2019,12,BUF,20,3,DEN,BUF,1,1
1767,2019,12,CHI,19,14,NYG,CHI,1,1
1768,2019,12,CIN,10,16,PIT,PIT,1,0
1769,2019,12,CLE,41,24,MIA,CLE,1,1
1770,2019,12,NE,13,9,DAL,NE,1,1
1771,2019,12,NO,34,31,CAR,NO,1,1
1772,2019,12,NYJ,34,3,LVR,LVR,0,1
1773,2019,12,PHI,9,17,SEA,SEA,1,0
1774,2019,12,SF,37,8,GB,SF,1,1
1775,2019,12,TEN,42,20,JAX,TEN,1,1
1776,2019,12,WAS,19,16,DET,DET,0,1
1777,2019,12,LAR,6,45,BAL,BAL,1,0
1778,2019,13,ATL,18,26,NO,NO,1,0
1779,2019,13,DAL,15,26,BUF,DAL,0,0
1780,2019,13,DET,20,24,CHI,CHI,1,0
1781,2019,13,ARI,7,34,LAR,LAR,1,0
1782,2019,13,BAL,20,17,SF,BAL,1,1
1783,2019,13,CAR,21,29,WAS,CAR,0,0
1784,2019,13,CIN,22,6,NYJ,NYJ,0,1
1785,2019,13,DEN,23,20,LAC,LAC,0,1
1786,2019,13,HOU,28,22,NE,NE,0,1
1787,2019,13,IND,17,31,TEN,TEN,1,0
1788,2019,13,JAX,11,28,TB,TB,1,0
1789,2019,13,KC,40,9,LVR,KC,1,1
1790,2019,13,MIA,37,31,PHI,PHI,0,1
1791,2019,13,NYG,13,31,GB,GB,1,0
1792,2019,13,PIT,20,13,CLE,CLE,0,1
1793,2019,13,SEA,37,30,MIN,SEA,1,1
1794,2019,14,CHI,31,24,DAL,DAL,0,1
1795,2019,14,ARI,17,23,PIT,PIT,1,0
1796,2019,14,ATL,40,20,CAR,ATL,1,1
1797,2019,14,BUF,17,24,BAL,BAL,1,0
1798,2019,14,CLE,27,19,CIN,CLE,1,1
1799,2019,14,GB,20,15,WAS,GB,1,1
1800,2019,14,HOU,24,38,DEN,HOU,0,0
1801,2019,14,JAX,10,45,LAC,LAC,1,0
1802,2019,14,LAR,28,12,SEA,LAR,1,1
1803,2019,14,MIN,20,7,DET,MIN,1,1
1804,2019,14,NE,16,23,KC,NE,0,0
1805,2019,14,NO,46,48,SF,NO,0,0
1806,2019,14,NYJ,22,21,MIA,NYJ,1,1
1807,2019,14,LVR,21,42,TEN,TEN,1,0
1808,2019,14,TB,38,35,IND,TB,1,1
1809,2019,14,PHI,23,17,NYG,PHI,1,1
1810,2019,15,BAL,42,21,NYJ,BAL,1,1
1811,2019,15,ARI,38,24,CLE,CLE,0,1
1812,2019,15,CAR,24,30,SEA,SEA,1,0
1813,2019,15,CIN,13,34,NE,NE,1,0
1814,2019,15,DAL,44,21,LAR,LAR,0,1
1815,2019,15,DET,17,38,TB,TB,1,0
1816,2019,15,GB,21,13,CHI,GB,1,1
1817,2019,15,KC,23,3,DEN,KC,1,1
1818,2019,15,LAC,10,39,MIN,MIN,1,0
1819,2019,15,NYG,36,20,MIA,NYG,1,1
1820,2019,15,LVR,16,20,JAX,LVR,0,0
1821,2019,15,PIT,10,17,BUF,PIT,0,0
1822,2019,15,SF,22,29,ATL,SF,0,0
1823,2019,15,TEN,21,24,HOU,TEN,0,0
1824,2019,15,WAS,27,37,PHI,PHI,1,0
1825,2019,15,NO,34,7,IND,NO,1,1
1826,2019,16,NE,24,17,BUF,NE,1,1
1827,2019,16,SF,34,31,LAR,SF,1,1
1828,2019,16,TB,20,23,HOU,HOU,1,0
1829,2019,16,ATL,24,12,JAX,ATL,1,1
1830,2019,16,CHI,3,26,KC,KC,1,0
1831,2019,16,CLE,15,31,BAL,BAL,1,0
1832,2019,16,DEN,27,17,DET,DEN,1,1
1833,2019,16,IND,38,6,CAR,IND,1,1
1834,2019,16,LAC,17,24,LVR,LAC,0,0
1835,2019,16,MIA,38,35,CIN,CIN,0,1
1836,2019,16,NYJ,16,10,PIT,PIT,0,1
1837,2019,16,PHI,17,9,DAL,DAL,0,1
1838,2019,16,SEA,13,27,ARI,SEA,0,0
1839,2019,16,TEN,28,38,NO,NO,1,0
1840,2019,16,WAS,35,41,NYG,NYG,1,0
1841,2019,16,MIN,10,23,GB,MIN,0,0
1842,2019,17,BAL,28,10,PIT,PIT,0,1
1843,2019,17,BUF,6,13,NYJ,NYJ,1,0
1844,2019,17,CAR,10,42,NO,NO,1,0
1845,2019,17,CIN,33,23,CLE,CLE,0,1
1846,2019,17,DAL,47,16,WAS,DAL,1,1
1847,2019,17,DEN,16,15,LVR,DEN,1,1
1848,2019,17,DET,20,23,GB,GB,1,0
1849,2019,17,HOU,14,35,TEN,TEN,1,0
1850,2019,17,JAX,38,20,IND,IND,0,1
1851,2019,17,KC,31,21,LAC,KC,1,1
1852,2019,17,LAR,31,24,ARI,LAR,1,1
1853,2019,17,MIN,19,21,CHI,CHI,1,0
1854,2019,17,NE,24,27,MIA,NE,0,0
1855,2019,17,NYG,17,34,PHI,PHI,1,0
1856,2019,17,SEA,21,26,SF,SF,1,0
1857,2019,17,TB,22,28,ATL,TB,0,0
1858,2019,Wildcard,HOU,22,19,BUF,HOU,1,1
1859,2019,Wildcard,NE,13,20,TEN,NE,0,0
1860,2019,Wildcard,NO,20,26,MIN,NO,0,0
1861,2019,Wildcard,PHI,9,17,SEA,PHI,0,0
1862,2019,Division,BAL,12,28,TEN,BAL,0,0
1863,2019,Division,SF,27,10,MIN,SF,1,1
1864,2019,Division,GB,28,23,SEA,GB,1,1
1865,2019,Division,KC,51,31,HOU,KC,1,1
1866,2019,Conference,KC,35,24,TEN,KC,1,1
1867,2019,Conference,SF,37,20,GB,SF,1,1
1868,2019,Superbowl,KC,31,20,SF,KC,1,1
1869,2020,1,KC,34,20,HOU,KC,1,1
1870,2020,1,ATL,25,38,SEA,SEA,1,0
1871,2020,1,BAL,38,6,CLE,BAL,1,1
1872,2020,1,BUF,27,17,NYJ,BUF,1,1
1873,2020,1,CAR,30,34,LVR,LVR,1,0
1874,2020,1,CIN,13,16,LAC,LAC,1,0
1875,2020,1,DET,23,27,CHI,DET,0,0
1876,2020,1,JAX,27,20,IND,IND,0,1
1877,2020,1,LAR,20,17,DAL,DAL,0,1
1878,2020,1,MIN,34,43,GB,MIN,0,0
1879,2020,1,NE,21,11,MIA,NE,1,1
1880,2020,1,NO,34,23,TB,NO,1,1
1881,2020,1,SF,20,24,ARI,SF,0,0
1882,2020,1,WAS,27,17,PHI,PHI,0,1
1883,2020,1,DEN,14,16,TEN,TEN,1,0
1884,2020,1,NYG,16,26,PIT,PIT,1,0
1885,2020,2,CLE,35,30,CIN,CLE,1,1
1886,2020,2,ARI,30,15,WAS,ARI,1,1
1887,2020,2,CHI,17,13,NYG,CHI,1,1
1888,2020,2,DAL,40,39,ATL,DAL,1,1
1889,2020,2,GB,42,21,DET,GB,1,1
1890,2020,2,HOU,16,33,BAL,BAL,1,0
1891,2020,2,IND,28,11,MIN,IND,1,1
1892,2020,2,LAC,20,23,KC,KC,1,0
1893,2020,2,MIA,28,31,BUF,BUF,1,0
1894,2020,2,NYJ,13,31,SF,SF,1,0
1895,2020,2,PHI,19,37,LAR,PHI,0,0
1896,2020,2,PIT,26,21,DEN,PIT,1,1
1897,2020,2,SEA,35,30,NE,SEA,1,1
1898,2020,2,TB,31,17,CAR,TB,1,1
1899,2020,2,TEN,33,30,JAX,TEN,1,1
1900,2020,2,LVR,34,24,NO,NO,0,1
1901,2020,3,JAX,13,31,MIA,JAX,0,0
1902,2020,3,ARI,23,26,DET,ARI,0,0
1903,2020,3,ATL,26,30,CHI,ATL,0,0
1904,2020,3,BUF,35,32,LAR,BUF,1,1
1905,2020,3,CLE,34,20,WAS,CLE,1,1
1906,2020,3,DEN,10,28,TB,TB,1,0
1907,2020,3,IND,36,7,NYJ,IND,1,1
1908,2020,3,LAC,16,21,CAR,LAC,0,0
1909,2020,3,MIN,30,31,TEN,TEN,1,0
1910,2020,3,NE,36,20,LVR,NE,1,1
1911,2020,3,NO,30,37,GB,NO,0,0
1912,2020,3,NYG,9,36,SF,SF,1,0
1913,2020,3,PHI,23,23,CIN,PHI,0,0
1914,2020,3,PIT,28,21,HOU,PIT,1,1
1915,2020,3,SEA,38,31,DAL,SEA,1,1
1916,2020,3,BAL,20,34,KC,BAL,0,0
1917,2020,4,NYJ,28,37,DEN,NYJ,0,0
1918,2020,4,CAR,31,21,ARI,ARI,0,1
1919,2020,4,CHI,11,19,IND,IND,1,0
1920,2020,4,CIN,33,25,JAX,CIN,1,1
1921,2020,4,DAL,38,49,CLE,DAL,0,0
1922,2020,4,DET,29,35,NO,NO,1,0
1923,2020,4,HOU,23,31,MIN,HOU,0,0
1924,2020,4,LVR,23,30,BUF,BUF,1,0
1925,2020,4,LAR,17,9,NYG,LAR,1,1
1926,2020,4,MIA,23,31,SEA,SEA,1,0
1927,2020,4,SF,20,25,PHI,SF,0,0
1928,2020,4,TB,38,31,LAC,TB,1,1
1929,2020,4,WAS,17,31,BAL,BAL,1,0
1930,2020,4,GB,30,16,ATL,GB,1,1
1931,2020,4,KC,26,10,NE,KC,1,1
1932,2020,5,CHI,20,19,TB,TB,0,1
1933,2020,5,ATL,16,23,CAR,ATL,0,0
1934,2020,5,BAL,27,3,CIN,BAL,1,1
1935,2020,5,CLE,32,23,IND,CLE,1,1
1936,2020,5,DAL,37,34,NYG,DAL,1,1
1937,2020,5,HOU,30,14,JAX,HOU,1,1
1938,2020,5,KC,32,40,LVR,KC,0,0
1939,2020,5,NYJ,10,30,ARI,ARI,1,0
1940,2020,5,PIT,38,29,PHI,PIT,1,1
1941,2020,5,SF,17,43,MIA,SF,0,0
1942,2020,5,SEA,27,26,MIN,SEA,1,1
1943,2020,5,WAS,10,30,LAR,LAR,1,0
1944,2020,5,NO,30,27,LAC,NO,1,1
1945,2020,5,TEN,42,16,BUF,BUF,0,1
1946,2020,6,CAR,16,23,CHI,CAR,0,0
1947,2020,6,IND,31,27,CIN,IND,1,1
1948,2020,6,JAX,16,34,DET,DET,1,0
1949,2020,6,MIA,24,0,NYJ,MIA,1,1
1950,2020,6,MIN,23,40,ATL,MIN,0,0
1951,2020,6,NE,12,18,DEN,NE,0,0
1952,2020,6,NYG,20,19,WAS,NYG,1,1
1953,2020,6,PHI,28,30,BAL,BAL,1,0
1954,2020,6,PIT,38,7,CLE,PIT,1,1
1955,2020,6,SF,24,16,LAR,LAR,0,1
1956,2020,6,TB,38,10,GB,GB,0,1
1957,2020,6,TEN,42,36,HOU,TEN,1,1
1958,2020,6,BUF,17,26,KC,KC,1,0
1959,2020,6,DAL,10,38,ARI,ARI,1,0
1960,2020,7,PHI,22,21,NYG,PHI,1,1
1961,2020,7,ARI,37,34,SEA,SEA,0,1
1962,2020,7,ATL,22,23,DET,ATL,0,0
1963,2020,7,CIN,34,37,CLE,CLE,1,0
1964,2020,7,DEN,16,43,KC,KC,1,0
1965,2020,7,HOU,20,35,GB,GB,1,0
1966,2020,7,LVR,20,45,TB,TB,1,0
1967,2020,7,LAC,39,29,JAX,LAC,1,1
1968,2020,7,NE,6,33,SF,NE,0,0
1969,2020,7,NO,27,24,CAR,NO,1,1
1970,2020,7,NYJ,10,18,BUF,BUF,1,0
1971,2020,7,TEN,24,27,PIT,TEN,0,0
1972,2020,7,WAS,25,3,DAL,WAS,1,1
1973,2020,7,LAR,24,10,CHI,LAR,1,1
1974,2020,8,CAR,17,25,ATL,CAR,0,0
1975,2020,8,BAL,24,28,PIT,BAL,0,0
1976,2020,8,BUF,24,21,NE,BUF,1,1
1977,2020,8,CHI,23,26,NO,NO,1,0
1978,2020,8,CIN,31,20,TEN,TEN,0,1
1979,2020,8,CLE,6,16,LVR,CLE,0,0
1980,2020,8,DEN,31,30,LAC,LAC,0,1
1981,2020,8,DET,21,41,IND,IND,1,0
1982,2020,8,GB,22,28,MIN,GB,0,0
1983,2020,8,KC,35,9,NYJ,KC,1,1
1984,2020,8,MIA,28,17,LAR,LAR,0,1
1985,2020,8,PHI,23,9,DAL,PHI,1,1
1986,2020,8,SEA,37,27,SF,SEA,1,1
1987,2020,8,NYG,23,25,TB,TB,1,0
1988,2020,9,SF,17,34,GB,GB,1,0
1989,2020,9,ARI,31,34,MIA,ARI,0,0
1990,2020,9,ATL,34,27,DEN,ATL,1,1
1991,2020,9,BUF,44,34,SEA,SEA,0,1
1992,2020,9,DAL,19,24,PIT,PIT,1,0
1993,2020,9,IND,10,24,BAL,BAL,1,0
1994,2020,9,JAX,25,27,HOU,HOU,1,0
1995,2020,9,KC,33,31,CAR,KC,1,1
1996,2020,9,LAC,26,31,LVR,LVR,1,0
1997,2020,9,MIN,34,20,DET,MIN,1,1
1998,2020,9,TB,3,38,NO,TB,0,0
1999,2020,9,TEN,24,17,CHI,TEN,1,1
2000,2020,9,WAS,20,23,NYG,WAS,0,0
2001,2020,9,NYJ,27,30,NE,NE,1,0
2002,2020,10,TEN,17,34,IND,TEN,0,0
2003,2020,10,ARI,32,30,BUF,ARI,1,1
2004,2020,10,CAR,23,46,TB,TB,1,0
2005,2020,10,CLE,10,7,HOU,CLE,1,1
2006,2020,10,DET,30,27,WAS,DET,1,1
2007,2020,10,GB,24,20,JAX,GB,1,1
2008,2020,10,LVR,37,12,DEN,LVR,1,1
2009,2020,10,LAR,23,16,SEA,LAR,1,1
2010,2020,10,MIA,29,21,LAC,MIA,1,1
2011,2020,10,NE,23,17,BAL,BAL,0,1
2012,2020,10,NO,27,13,SF,NO,1,1
2013,2020,10,NYG,27,17,PHI,PHI,0,1
2014,2020,10,PIT,36,10,CIN,PIT,1,1
2015,2020,10,CHI,13,19,MIN,MIN,1,0
2016,2020,11,SEA,28,21,ARI,SEA,1,1
2017,2020,11,BAL,24,30,TEN,BAL,0,0
2018,2020,11,CAR,20,0,DET,DET,0,1
2019,2020,11,CLE,22,17,PHI,CLE,1,1
2020,2020,11,DEN,20,13,MIA,MIA,0,1
2021,2020,11,HOU,27,20,NE,NE,0,1
2022,2020,11,IND,34,31,GB,IND,1,1
2023,2020,11,JAX,3,27,PIT,PIT,1,0
2024,2020,11,LVR,31,35,KC,KC,1,0
2025,2020,11,LAC,34,28,NYJ,LAC,1,1
2026,2020,11,MIN,28,31,DAL,MIN,0,0
2027,2020,11,NO,24,9,ATL,NO,1,1
2028,2020,11,WAS,20,9,CIN,WAS,1,1
2029,2020,11,TB,24,27,LAR,TB,0,0
2030,2020,12,DAL,16,41,WAS,DAL,0,0
2031,2020,12,DET,25,41,HOU,HOU,1,0
2032,2020,12,ATL,43,6,LVR,LVR,0,1
2033,2020,12,BUF,27,17,LAC,BUF,1,1
2034,2020,12,CIN,17,19,NYG,NYG,1,0
2035,2020,12,DEN,3,31,NO,NO,1,0
2036,2020,12,GB,41,25,CHI,GB,1,1
2037,2020,12,IND,26,45,TEN,IND,0,0
2038,2020,12,JAX,25,27,CLE,CLE,1,0
2039,2020,12,LAR,20,23,SF,LAR,0,0
2040,2020,12,MIN,28,27,CAR,MIN,1,1
2041,2020,12,NE,20,17,ARI,ARI,0,1
2042,2020,12,NYJ,3,20,MIA,MIA,1,0
2043,2020,12,TB,24,27,KC,KC,1,0
2044,2020,12,PHI,17,23,SEA,SEA,1,0
2045,2020,12,PIT,19,14,BAL,PIT,1,1
2046,2020,13,ARI,28,38,LAR,LAR,1,0
2047,2020,13,ATL,16,21,NO,NO,1,0
2048,2020,13,CHI,30,34,DET,CHI,0,0
2049,2020,13,GB,30,16,PHI,GB,1,1
2050,2020,13,HOU,20,26,IND,IND,1,0
2051,2020,13,KC,22,16,DEN,KC,1,1
2052,2020,13,LAC,0,45,NE,LAC,0,0
2053,2020,13,MIA,19,7,CIN,MIA,1,1
2054,2020,13,MIN,27,24,JAX,MIN,1,1
2055,2020,13,NYJ,28,31,LVR,LVR,1,0
2056,2020,13,SEA,12,17,NYG,SEA,0,0
2057,2020,13,TEN,35,41,CLE,TEN,0,0
2058,2020,13,PIT,17,23,WAS,PIT,0,0
2059,2020,13,SF,24,34,BUF,SF,0,0
2060,2020,13,BAL,34,17,DAL,BAL,1,1
2061,2020,14,LAR,24,3,NE,LAR,1,1
2062,2020,14,BUF,26,15,PIT,BUF,1,1
2063,2020,14,CAR,27,32,DEN,CAR,0,0
2064,2020,14,CHI,36,7,HOU,HOU,0,1
2065,2020,14,CIN,7,30,DAL,DAL,1,0
2066,2020,14,DET,24,31,GB,GB,1,0
2067,2020,14,JAX,10,31,TEN,TEN,1,0
2068,2020,14,LVR,27,44,IND,IND,1,0
2069,2020,14,LAC,20,17,ATL,LAC,1,1
2070,2020,14,MIA,27,33,KC,KC,1,0
2071,2020,14,NYG,7,26,ARI,ARI,1,0
2072,2020,14,PHI,24,21,NO,NO,0,1
2073,2020,14,SF,15,23,WAS,SF,0,0
2074,2020,14,SEA,40,3,NYJ,SEA,1,1
2075,2020,14,TB,26,14,MIN,TB,1,1
2076,2020,14,CLE,42,47,BAL,BAL,1,0
2077,2020,15,LVR,27,30,LAC,LVR,0,0
2078,2020,15,DEN,19,48,BUF,BUF,1,0
2079,2020,15,GB,24,16,CAR,GB,1,1
2080,2020,15,ARI,33,26,PHI,ARI,1,1
2081,2020,15,ATL,27,31,TB,TB,1,0
2082,2020,15,BAL,40,14,JAX,BAL,1,1
2083,2020,15,DAL,41,33,SF,SF,0,1
2084,2020,15,IND,27,20,HOU,IND,1,1
2085,2020,15,LAR,20,23,NYJ,LAR,0,0
2086,2020,15,MIA,22,12,NE,NE,0,1
2087,2020,15,MIN,27,33,CHI,MIN,0,0
2088,2020,15,NO,29,32,KC,KC,1,0
2089,2020,15,NYG,6,20,CLE,CLE,1,0
2090,2020,15,TEN,46,25,DET,TEN,1,1
2091,2020,15,WAS,15,20,SEA,SEA,1,0
2092,2020,15,CIN,27,17,PIT,PIT,0,1
2093,2020,16,NO,52,33,MIN,NO,1,1
2094,2020,16,ARI,12,20,SF,ARI,0,0
2095,2020,16,DET,7,47,TB,TB,1,0
2096,2020,16,LVR,25,26,MIA,MIA,1,0
2097,2020,16,BAL,27,13,NYG,BAL,1,1
2098,2020,16,DAL,37,17,PHI,PHI,0,1
2099,2020,16,GB,40,14,TEN,GB,1,1
2100,2020,16,HOU,31,37,CIN,HOU,0,0
2101,2020,16,JAX,17,41,CHI,CHI,1,0
2102,2020,16,KC,17,14,ATL,KC,1,1
2103,2020,16,LAC,19,16,DEN,LAC,1,1
2104,2020,16,NYJ,23,16,CLE,CLE,0,1
2105,2020,16,PIT,28,24,IND,IND,0,1
2106,2020,16,SEA,20,9,LAR,SEA,1,1
2107,2020,16,WAS,13,20,CAR,CAR,1,0
2108,2020,16,NE,9,38,BUF,BUF,1,0
2109,2020,17,BUF,56,26,MIA,MIA,0,1
2110,2020,17,CAR,7,33,NO,NO,1,0
2111,2020,17,CHI,16,35,GB,GB,1,0
2112,2020,17,CIN,3,38,BAL,BAL,1,0
2113,2020,17,CLE,24,22,PIT,CLE,1,1
2114,2020,17,DEN,31,32,LVR,LVR,1,0
2115,2020,17,DET,35,37,MIN,MIN,1,0
2116,2020,17,HOU,38,41,TEN,TEN,1,0
2117,2020,17,IND,28,14,JAX,IND,1,1
2118,2020,17,KC,21,38,LAC,LAC,1,0
2119,2020,17,LAR,18,7,ARI,LAR,1,1
2120,2020,17,NE,28,14,NYJ,NE,1,1
2121,2020,17,NYG,23,19,DAL,DAL,0,1
2122,2020,17,PHI,14,20,WAS,WAS,1,0
2123,2020,17,SF,23,26,SEA,SEA,1,0
2124,2020,17,TB,44,27,ATL,TB,1,1
2125,2020,Wildcard,BUF,27,24,IND,BUF,1,1
2126,2020,Wildcard,SEA,20,30,LAR,SEA,0,0
2127,2020,Wildcard,WAS,23,31,TB,TB,1,0
2128,2020,Wildcard,NO,21,9,CHI,NO,1,1
2129,2020,Wildcard,PIT,37,48,CLE,PIT,0,0
2130,2020,Wildcard,TEN,13,20,BAL,BAL,1,0
2131,2020,Division,BUF,17,3,BAL,BUF,1,1
2132,2020,Division,GB,32,18,LAR,GB,1,1
2133,2020,Division,KC,22,17,CLE,KC,1,1
2134,2020,Division,NO,20,30,TB,NO,0,0
2135,2020,Conference,GB,26,31,TB,GB,0,0
2136,2020,Conference,KC,38,24,BUF,KC,1,1
2137,2020,Superbowl,TB,31,9,KC,KC,0,1
2138,2021,1,TB,31,29,DAL,TB,1,1
2139,2021,1,ATL,6,32,PHI,ATL,0,0
2140,2021,1,BUF,16,23,PIT,BUF,0,0
2141,2021,1,CAR,19,14,NYJ,CAR,1,1
2142,2021,1,CIN,27,24,MIN,MIN,0,1
2143,2021,1,DET,33,41,SF,SF,1,0
2144,2021,1,HOU,37,21,JAX,JAX,0,1
2145,2021,1,IND,16,28,SEA,SEA,1,0
2146,2021,1,KC,33,29,CLE,KC,1,1
2147,2021,1,LAR,34,14,CHI,LAR,1,1
2148,2021,1,NE,16,17,MIA,NE,0,0
2149,2021,1,NO,38,3,GB,GB,0,1
2150,2021,1,NYG,13,27,DEN,DEN,1,0
2151,2021,1,TEN,13,38,ARI,TEN,0,0
2152,2021,1,WAS,16,20,LAC,LAC,1,0
2153,2021,1,LVR,33,27,BAL,BAL,0,1
2154,2021,2,WAS,30,29,NYG,WAS,1,1
2155,2021,2,ARI,34,33,MIN,ARI,1,1
2156,2021,2,BAL,36,35,KC,KC,0,1
2157,2021,2,CAR,26,7,NO,NO,0,1
2158,2021,2,CHI,20,17,CIN,CHI,1,1
2159,2021,2,CLE,31,21,HOU,CLE,1,1
2160,2021,2,IND,24,27,LAR,LAR,1,0
2161,2021,2,JAX,13,23,DEN,DEN,1,0
2162,2021,2,LAC,17,20,DAL,LAC,0,0
2163,2021,2,MIA,0,35,BUF,BUF,1,0
2164,2021,2,NYJ,6,25,NE,NE,1,0
2165,2021,2,PHI,11,17,SF,SF,1,0
2166,2021,2,PIT,17,26,LVR,PIT,0,0
2167,2021,2,SEA,30,33,TEN,SEA,0,0
2168,2021,2,TB,48,25,ATL,TB,1,1
2169,2021,2,GB,35,17,DET,GB,1,1
2170,2021,3,HOU,9,24,CAR,CAR,1,0
2171,2021,3,BUF,43,21,WAS,BUF,1,1
2172,2021,3,CLE,26,6,CHI,CLE,1,1
2173,2021,3,DEN,26,0,NYJ,DEN,1,1
2174,2021,3,DET,17,19,BAL,BAL,1,0
2175,2021,3,JAX,19,31,ARI,ARI,1,0
2176,2021,3,KC,24,30,LAC,KC,0,0
2177,2021,3,LVR,31,28,MIA,LVR,1,1
2178,2021,3,LAR,34,24,TB,TB,0,1
2179,2021,3,MIN,30,17,SEA,SEA,0,1
2180,2021,3,NE,13,28,NO,NE,0,0
2181,2021,3,NYG,14,17,ATL,NYG,0,0
2182,2021,3,PIT,10,24,CIN,PIT,0,0
2183,2021,3,SF,28,30,GB,SF,0,0
2184,2021,3,TEN,25,16,IND,TEN,1,1
2185,2021,3,DAL,41,21,PHI,DAL,1,1
2186,2021,4,CIN,24,21,JAX,CIN,1,1
2187,2021,4,ATL,30,34,WAS,WAS,1,0
2188,2021,4,BUF,40,0,HOU,BUF,1,1
2189,2021,4,CHI,24,14,DET,CHI,1,1
2190,2021,4,DAL,36,28,CAR,DAL,1,1
2191,2021,4,DEN,7,23,BAL,DEN,0,0
2192,2021,4,GB,27,17,PIT,GB,1,1
2193,2021,4,LAR,20,37,ARI,LAR,0,0
2194,2021,4,MIA,17,27,IND,MIA,0,0
2195,2021,4,MIN,7,14,CLE,CLE,1,0
2196,2021,4,NE,17,19,TB,TB,1,0
2197,2021,4,NO,21,27,NYG,NO,0,0
2198,2021,4,NYJ,27,24,TEN,TEN,0,1
2199,2021,4,PHI,30,42,KC,KC,1,0
2200,2021,4,SF,21,28,SEA,SF,0,0
2201,2021,4,LAC,28,14,LVR,LAC,1,1
2202,2021,5,SEA,17,26,LAR,LAR,1,0
2203,2021,5,ARI,17,10,SF,ARI,1,1
2204,2021,5,ATL,27,20,NYJ,ATL,1,1
2205,2021,5,CAR,18,21,PHI,CAR,0,0
2206,2021,5,CIN,22,25,GB,GB,1,0
2207,2021,5,DAL,44,20,NYG,DAL,1,1
2208,2021,5,HOU,22,25,NE,NE,1,0
2209,2021,5,JAX,19,37,TEN,TEN,1,0
2210,2021,5,KC,20,38,BUF,KC,0,0
2211,2021,5,LVR,9,20,CHI,LVR,0,0
2212,2021,5,LAC,47,42,CLE,LAC,1,1
2213,2021,5,MIN,19,17,DET,MIN,1,1
2214,2021,5,PIT,27,19,DEN,DEN,0,1
2215,2021,5,TB,45,17,MIA,TB,1,1
2216,2021,5,WAS,22,33,NO,NO,1,0
2217,2021,5,BAL,31,25,IND,BAL,1,1
2218,2021,6,PHI,22,28,TB,TB,1,0
2219,2021,6,BAL,34,6,LAC,BAL,1,1
2220,2021,6,CAR,28,34,MIN,MIN,1,0
2221,2021,6,CHI,14,24,GB,GB,1,0
2222,2021,6,CLE,14,37,ARI,CLE,0,0
2223,2021,6,DEN,24,34,LVR,DEN,0,0
2224,2021,6,DET,11,34,CIN,CIN,1,0
2225,2021,6,IND,31,3,HOU,IND,1,1
2226,2021,6,JAX,23,20,MIA,MIA,0,1
2227,2021,6,NE,29,35,DAL,DAL,1,0
2228,2021,6,NYG,11,38,LAR,LAR,1,0
2229,2021,6,PIT,23,20,SEA,PIT,1,1
2230,2021,6,WAS,13,31,KC,KC,1,0
2231,2021,6,TEN,34,31,BUF,BUF,0,1
2232,2021,7,CLE,17,14,DEN,CLE,1,1
2233,2021,7,ARI,31,5,HOU,ARI,1,1
2234,2021,7,BAL,17,41,CIN,BAL,0,0
2235,2021,7,GB,24,10,WAS,GB,1,1
2236,2021,7,LVR,33,22,PHI,LVR,1,1
2237,2021,7,LAR,28,19,DET,LAR,1,1
2238,2021,7,MIA,28,30,ATL,ATL,1,0
2239,2021,7,NE,54,13,NYJ,NE,1,1
2240,2021,7,NYG,25,3,CAR,CAR,0,1
2241,2021,7,SF,18,30,IND,SF,0,0
2242,2021,7,TB,38,3,CHI,TB,1,1
2243,2021,7,TEN,27,3,KC,KC,0,1
2244,2021,7,SEA,10,13,NO,NO,1,0
2245,2021,8,ARI,21,24,GB,ARI,0,0
2246,2021,8,ATL,13,19,CAR,ATL,0,0
2247,2021,8,BUF,26,11,MIA,BUF,1,1
2248,2021,8,CHI,22,33,SF,SF,1,0
2249,2021,8,CLE,10,15,PIT,CLE,0,0
2250,2021,8,DEN,17,10,WAS,DEN,1,1
2251,2021,8,DET,6,44,PHI,PHI,1,0
2252,2021,8,HOU,22,38,LAR,LAR,1,0
2253,2021,8,IND,31,34,TEN,IND,0,0
2254,2021,8,LAC,24,27,NE,LAC,0,0
2255,2021,8,MIN,16,20,DAL,MIN,0,0
2256,2021,8,NO,36,27,TB,TB,0,1
2257,2021,8,NYJ,34,31,CIN,CIN,0,1
2258,2021,8,SEA,31,7,JAX,SEA,1,1
2259,2021,8,KC,20,17,NYG,KC,1,1
2260,2021,9,IND,45,30,NYJ,IND,1,1
2261,2021,9,BAL,34,31,MIN,BAL,1,1
2262,2021,9,CAR,6,24,NE,NE,1,0
2263,2021,9,CIN,16,41,CLE,CIN,0,0
2264,2021,9,DAL,16,30,DEN,DAL,0,0
2265,2021,9,JAX,9,6,BUF,BUF,0,1
2266,2021,9,KC,13,7,GB,KC,1,1
2267,2021,9,LAR,16,28,TEN,LAR,0,0
2268,2021,9,MIA,17,9,HOU,MIA,1,1
2269,2021,9,NO,25,27,ATL,NO,0,0
2270,2021,9,NYG,23,16,LVR,LVR,0,1
2271,2021,9,PHI,24,27,LAC,LAC,1,0
2272,2021,9,SF,17,31,ARI,SF,0,0
2273,2021,9,PIT,29,27,CHI,PIT,1,1
2274,2021,10,MIA,22,10,BAL,BAL,0,1
2275,2021,10,ARI,10,34,CAR,ARI,0,0
2276,2021,10,DAL,43,3,ATL,DAL,1,1
2277,2021,10,DEN,13,30,PHI,DEN,0,0
2278,2021,10,GB,17,0,SEA,GB,1,1
2279,2021,10,IND,23,17,JAX,IND,1,1
2280,2021,10,LVR,14,41,KC,KC,1,0
2281,2021,10,LAC,20,27,MIN,LAC,0,0
2282,2021,10,NE,45,7,CLE,NE,1,1
2283,2021,10,NYJ,17,45,BUF,BUF,1,0
2284,2021,10,PIT,16,16,DET,PIT,0,0
2285,2021,10,TEN,23,21,NO,TEN,1,1
2286,2021,10,WAS,29,19,TB,TB,0,1
2287,2021,10,SF,31,10,LAR,LAR,0,1
2288,2021,11,ATL,0,25,NE,NE,1,0
2289,2021,11,BUF,15,41,IND,BUF,0,0
2290,2021,11,CAR,21,27,WAS,CAR,0,0
2291,2021,11,CHI,13,16,BAL,BAL,1,0
2292,2021,11,CLE,13,10,DET,CLE,1,1
2293,2021,11,JAX,10,30,SF,SF,1,0
2294,2021,11,KC,19,9,DAL,KC,1,1
2295,2021,11,LVR,13,32,CIN,CIN,1,0
2296,2021,11,LAC,41,37,PIT,LAC,1,1
2297,2021,11,MIN,34,31,GB,GB,0,1
2298,2021,11,NYJ,17,24,MIA,MIA,1,0
2299,2021,11,PHI,40,29,NO,PHI,1,1
2300,2021,11,SEA,13,23,ARI,SEA,0,0
2301,2021,11,TEN,13,22,HOU,TEN,0,0
2302,2021,11,TB,30,10,NYG,TB,1,1
2303,2021,12,DAL,33,36,LVR,DAL,0,0
2304,2021,12,DET,14,16,CHI,CHI,1,0
2305,2021,12,NO,6,31,BUF,BUF,1,0
2306,2021,12,BAL,16,10,CLE,BAL,1,1
2307,2021,12,CIN,41,10,PIT,CIN,1,1
2308,2021,12,DEN,28,13,LAC,LAC,0,1
2309,2021,12,GB,36,28,LAR,LAR,0,1
2310,2021,12,HOU,14,21,NYJ,HOU,0,0
2311,2021,12,IND,31,38,TB,TB,1,0
2312,2021,12,JAX,14,21,ATL,ATL,1,0
2313,2021,12,MIA,33,10,CAR,CAR,0,1
2314,2021,12,NE,36,13,TEN,NE,1,1
2315,2021,12,NYG,13,7,PHI,PHI,0,1
2316,2021,12,SF,34,26,MIN,SF,1,1
2317,2021,12,WAS,17,15,SEA,SEA,0,1
2318,2021,13,NO,17,27,DAL,DAL,1,0
2319,2021,13,ATL,17,30,TB,TB,1,0
2320,2021,13,CHI,22,33,ARI,ARI,1,0
2321,2021,13,CIN,22,41,LAC,CIN,0,0
2322,2021,13,DET,29,27,MIN,MIN,0,1
2323,2021,13,HOU,0,31,IND,IND,1,0
2324,2021,13,KC,22,9,DEN,KC,1,1
2325,2021,13,LVR,15,17,WAS,LVR,0,0
2326,2021,13,LAR,37,7,JAX,LAR,1,1
2327,2021,13,MIA,20,9,NYG,MIA,1,1
2328,2021,13,NYJ,18,33,PHI,PHI,1,0
2329,2021,13,PIT,20,19,BAL,BAL,0,1
2330,2021,13,SEA,30,23,SF,SF,0,1
2331,2021,13,BUF,10,14,NE,BUF,0,0
2332,2021,14,MIN,36,28,PIT,MIN,1,1
2333,2021,14,CAR,21,29,ATL,CAR,0,0
2334,2021,14,CIN,23,26,SF,SF,1,0
2335,2021,14,CLE,24,22,BAL,CLE,1,1
2336,2021,14,DEN,38,10,DET,DEN,1,1
2337,2021,14,GB,45,30,CHI,GB,1,1
2338,2021,14,HOU,13,33,SEA,SEA,1,0
2339,2021,14,KC,48,9,LVR,KC,1,1
2340,2021,14,LAC,37,21,NYG,LAC,1,1
2341,2021,14,NYJ,9,30,NO,NO,1,0
2342,2021,14,TB,33,27,BUF,TB,1,1
2343,2021,14,TEN,20,0,JAX,TEN,1,1
2344,2021,14,WAS,20,27,DAL,DAL,1,0
2345,2021,14,ARI,23,30,LAR,ARI,0,0
2346,2021,15,LAC,28,34,KC,KC,1,0
2347,2021,15,IND,27,17,NE,IND,1,1
2348,2021,15,BAL,30,31,GB,GB,1,0
2349,2021,15,BUF,31,14,CAR,BUF,1,1
2350,2021,15,DEN,10,15,CIN,DEN,0,0
2351,2021,15,DET,30,12,ARI,ARI,0,1
2352,2021,15,JAX,16,30,HOU,JAX,0,0
2353,2021,15,MIA,31,24,NYJ,MIA,1,1
2354,2021,15,NYG,6,21,DAL,DAL,1,0
2355,2021,15,PIT,19,13,TEN,PIT,1,1
2356,2021,15,SF,31,13,ATL,SF,1,1
2357,2021,15,TB,0,9,NO,TB,0,0
2358,2021,15,CHI,9,17,MIN,MIN,1,0
2359,2021,15,CLE,14,16,LVR,LVR,1,0
2360,2021,15,LAR,20,10,SEA,LAR,1,1
2361,2021,15,PHI,27,17,WAS,PHI,1,1
2362,2021,16,TEN,20,17,SF,SF,0,1
2363,2021,16,ARI,16,22,IND,ARI,0,0
2364,2021,16,GB,24,22,CLE,GB,1,1
2365,2021,16,ATL,20,16,DET,ATL,1,1
2366,2021,16,CAR,6,32,TB,TB,1,0
2367,2021,16,CIN,41,21,BAL,CIN,1,1
2368,2021,16,DAL,56,14,WAS,DAL,1,1
2369,2021,16,HOU,41,29,LAC,LAC,0,1
2370,2021,16,KC,36,10,PIT,KC,1,1
2371,2021,16,LVR,17,13,DEN,DEN,0,1
2372,2021,16,MIN,23,30,LAR,LAR,1,0
2373,2021,16,NE,21,33,BUF,NE,0,0
2374,2021,16,NYJ,26,21,JAX,NYJ,1,1
2375,2021,16,PHI,34,10,NYG,PHI,1,1
2376,2021,16,SEA,24,25,CHI,SEA,0,0
2377,2021,16,NO,3,20,MIA,MIA,1,0
2378,2021,17,BAL,19,20,LAR,LAR,1,0
2379,2021,17,BUF,29,15,ATL,BUF,1,1
2380,2021,17,CHI,29,3,NYG,CHI,1,1
2381,2021,17,CIN,34,31,KC,KC,0,1
2382,2021,17,DAL,22,25,ARI,DAL,0,0
2383,2021,17,GB,37,10,MIN,GB,1,1
2384,2021,17,IND,20,23,LVR,IND,0,0
2385,2021,17,LAC,34,13,DEN,LAC,1,1
2386,2021,17,NE,50,10,JAX,NE,1,1
2387,2021,17,NO,18,10,CAR,NO,1,1
2388,2021,17,NYJ,24,28,TB,TB,1,0
2389,2021,17,SF,23,7,HOU,SF,1,1
2390,2021,17,SEA,51,29,DET,SEA,1,1
2391,2021,17,TEN,34,3,MIA,TEN,1,1
2392,2021,17,WAS,16,20,PHI,PHI,1,0
2393,2021,17,PIT,26,14,CLE,PIT,1,1
2394,2021,18,DEN,24,28,KC,KC,1,0
2395,2021,18,PHI,26,51,DAL,DAL,1,0
2396,2021,18,ARI,30,38,SEA,ARI,0,0
2397,2021,18,ATL,20,30,NO,NO,1,0
2398,2021,18,BAL,13,16,PIT,BAL,0,0
2399,2021,18,BUF,27,10,NYJ,BUF,1,1
2400,2021,18,CLE,21,16,CIN,CLE,1,1
2401,2021,18,DET,37,30,GB,GB,0,1
2402,2021,18,HOU,25,28,TEN,TEN,1,0
2403,2021,18,JAX,26,11,IND,IND,0,1
2404,2021,18,LVR,35,32,LAC,LAC,0,1
2405,2021,18,LAR,24,27,SF,SF,1,0
2406,2021,18,MIA,33,24,NE,NE,0,1
2407,2021,18,MIN,31,17,CHI,MIN,1,1
2408,2021,18,NYG,7,22,WAS,WAS,1,0
2409,2021,18,TB,41,17,CAR,TB,1,1
2410,2021,Wildcard,BUF,47,17,NE,BUF,1,1
2411,2021,Wildcard,CIN,26,19,LVR,CIN,1,1
2412,2021,Wildcard,DAL,17,23,SF,DAL,0,0
2413,2021,Wildcard,KC,42,21,PIT,KC,1,1
2414,2021,Wildcard,TB,31,15,PHI,TB,1,1
2415,2021,Wildcard,LAR,34,11,ARI,LAR,1,1
2416,2021,Division,GB,10,13,SF,GB,0,0
2417,2021,Division,TEN,16,19,CIN,TEN,0,0
2418,2021,Division,KC,42,36,BUF,KC,1,1
2419,2021,Division,TB,27,30,LAR,TB,0,0
2420,2021,Conference,KC,24,27,CIN,KC,0,0
2421,2021,Conference,LAR,20,17,SF,LAR,1,1
2422,2021,Superbowl,CIN,20,23,LAR,LAR,1,0
2423,2022,1,LAR,10,31,BUF,BUF,1,0
2424,2022,1,ARI,21,44,KC,KC,1,0
2425,2022,1,ATL,26,27,NO,NO,1,0
2426,2022,1,CAR,24,26,CLE,CAR,0,0
2427,2022,1,CHI,19,10,SF,SF,0,1
2428,2022,1,CIN,20,23,PIT,CIN,0,0
2429,2022,1,DAL,3,19,TB,TB,1,0
2430,2022,1,DET,35,38,PHI,PHI,1,0
2431,2022,1,HOU,20,20,IND,IND,1,0
2432,2022,1,LAC,24,19,LVR,LAC,1,1
2433,2022,1,MIA,20,7,NE,MIA,1,1
2434,2022,1,MIN,23,7,GB,MIN,1,1
2435,2022,1,NYJ,9,24,BAL,BAL,1,0
2436,2022,1,TEN,20,21,NYG,TEN,0,0
2437,2022,1,WAS,28,22,JAX,WAS,1,1
2438,2022,1,SEA,17,16,DEN,DEN,0,1
2439,2022,2,KC,27,24,LAC,KC,1,1
2440,2022,2,BAL,38,42,MIA,BAL,0,0
2441,2022,2,CLE,30,31,NYJ,CLE,0,0
2442,2022,2,DAL,20,17,CIN,CIN,0,1
2443,2022,2,DEN,16,9,HOU,DEN,1,1
2444,2022,2,DET,36,27,WAS,DET,1,1
2445,2022,2,GB,27,10,CHI,GB,1,1
2446,2022,2,JAX,24,0,IND,IND,0,1
2447,2022,2,LVR,23,29,ARI,LVR,0,0
2448,2022,2,LAR,31,27,ATL,LAR,1,1
2449,2022,2,NO,10,20,TB,TB,1,0
2450,2022,2,NYG,19,16,CAR,CAR,0,1
2451,2022,2,PIT,14,17,NE,NE,1,0
2452,2022,2,SF,27,7,SEA,SF,1,1
2453,2022,2,BUF,41,7,TEN,BUF,1,1
2454,2022,2,PHI,24,7,MIN,PHI,1,1
2455,2022,3,CLE,29,17,PIT,CLE,1,1
2456,2022,3,ARI,12,20,LAR,LAR,1,0
2457,2022,3,CAR,22,14,NO,NO,0,1
2458,2022,3,CHI,23,20,HOU,CHI,1,1
2459,2022,3,DEN,11,10,SF,SF,0,1
2460,2022,3,IND,20,17,KC,KC,0,1
2461,2022,3,LAC,10,38,JAX,LAC,0,0
2462,2022,3,MIA,21,19,BUF,BUF,0,1
2463,2022,3,MIN,28,24,DET,MIN,1,1
2464,2022,3,NE,26,37,BAL,BAL,1,0
2465,2022,3,NYJ,12,27,CIN,CIN,1,0
2466,2022,3,SEA,23,27,ATL,SEA,0,0
2467,2022,3,TB,12,14,GB,TB,0,0
2468,2022,3,TEN,24,22,LVR,LVR,0,1
2469,2022,3,WAS,8,24,PHI,PHI,1,0
2470,2022,3,NYG,16,23,DAL,NYG,0,0
2471,2022,4,CIN,27,15,MIA,CIN,1,1
2472,2022,4,ATL,23,20,CLE,CLE,0,1
2473,2022,4,BAL,20,23,BUF,BUF,1,0
2474,2022,4,CAR,16,26,ARI,CAR,0,0
2475,2022,4,DAL,25,10,WAS,DAL,1,1
2476,2022,4,DET,45,48,SEA,DET,0,0
2477,2022,4,GB,27,24,NE,GB,1,1
2478,2022,4,HOU,24,34,LAC,LAC,1,0
2479,2022,4,IND,17,24,TEN,IND,0,0
2480,2022,4,LVR,32,23,DEN,LVR,1,1
2481,2022,4,NO,25,28,MIN,MIN,1,0
2482,2022,4,NYG,20,12,CHI,NYG,1,1
2483,2022,4,PHI,29,21,JAX,PHI,1,1
2484,2022,4,PIT,20,24,NYJ,PIT,0,0
2485,2022,4,TB,31,41,KC,TB,0,0
2486,2022,4,SF,24,9,LAR,SF,1,1
2487,2022,5,DEN,9,12,IND,DEN,0,0
2488,2022,5,ARI,17,20,PHI,PHI,1,0
2489,2022,5,BAL,19,17,CIN,BAL,1,1
2490,2022,5,BUF,38,3,PIT,BUF,1,1
2491,2022,5,CAR,15,37,SF,SF,1,0
2492,2022,5,CLE,28,30,LAC,LAC,1,0
2493,2022,5,GB,22,27,NYG,GB,0,0
2494,2022,5,JAX,6,13,HOU,JAX,0,0
2495,2022,5,LAR,10,22,DAL,LAR,0,0
2496,2022,5,MIN,29,22,CHI,MIN,1,1
2497,2022,5,NE,29,0,DET,NE,1,1
2498,2022,5,NO,39,32,SEA,NO,1,1
2499,2022,5,NYJ,40,17,MIA,MIA,0,1
2500,2022,5,TB,21,15,ATL,TB,1,1
2501,2022,5,WAS,17,21,TEN,TEN,1,0
2502,2022,5,KC,30,29,LVR,KC,1,1
2503,2022,6,CHI,7,12,WAS,WAS,1,0
2504,2022,6,ATL,28,14,SF,SF,0,1
2505,2022,6,CLE,15,38,NE,CLE,0,0
2506,2022,6,GB,10,27,NYJ,GB,0,0
2507,2022,6,IND,34,27,JAX,IND,1,1
2508,2022,6,KC,20,24,BUF,BUF,1,0
2509,2022,6,LAR,24,10,CAR,LAR,1,1
2510,2022,6,MIA,16,24,MIN,MIN,1,0
2511,2022,6,NO,26,30,CIN,CIN,1,0
2512,2022,6,NYG,24,20,BAL,BAL,0,1
2513,2022,6,PHI,26,17,DAL,PHI,1,1
2514,2022,6,PIT,20,18,TB,TB,0,1
2515,2022,6,SEA,19,9,ARI,ARI,0,1
2516,2022,6,LAC,19,16,DEN,LAC,1,1
2517,2022,7,ARI,42,34,NO,ARI,1,1
2518,2022,7,BAL,23,20,CLE,BAL,1,1
2519,2022,7,CAR,21,3,TB,TB,0,1
2520,2022,7,CIN,35,17,ATL,CIN,1,1
2521,2022,7,DAL,24,6,DET,DAL,1,1
2522,2022,7,DEN,9,16,NYJ,NYJ,1,0
2523,2022,7,JAX,17,23,NYG,JAX,0,0
2524,2022,7,LVR,38,20,HOU,LVR,1,1
2525,2022,7,LAC,23,37,SEA,LAC,0,0
2526,2022,7,MIA,16,10,PIT,MIA,1,1
2527,2022,7,SF,23,44,KC,KC,1,0
2528,2022,7,TEN,19,10,IND,TEN,1,1
2529,2022,7,WAS,23,21,GB,GB,0,1
2530,2022,7,NE,14,33,CHI,NE,0,0
2531,2022,8,TB,22,27,BAL,TB,0,0
2532,2022,8,ATL,37,34,CAR,ATL,1,1
2533,2022,8,BUF,27,17,GB,BUF,1,1
2534,2022,8,DAL,49,29,CHI,DAL,1,1
2535,2022,8,DET,27,31,MIA,MIA,1,0
2536,2022,8,HOU,10,17,TEN,TEN,1,0
2537,2022,8,IND,16,17,WAS,IND,0,0
2538,2022,8,JAX,17,21,DEN,JAX,0,0
2539,2022,8,LAR,14,31,SF,LAR,0,0
2540,2022,8,MIN,34,26,ARI,MIN,1,1
2541,2022,8,NO,24,0,LVR,LVR,0,1
2542,2022,8,NYJ,17,22,NE,NE,1,0
2543,2022,8,PHI,35,13,PIT,PHI,1,1
2544,2022,8,SEA,27,13,NYG,SEA,1,1
2545,2022,8,CLE,32,13,CIN,CIN,0,1
2546,2022,9,HOU,17,29,PHI,PHI,1,0
2547,2022,9,ARI,21,31,SEA,ARI,0,0
2548,2022,9,ATL,17,20,LAC,LAC,1,0
2549,2022,9,CHI,32,35,MIA,MIA,1,0
2550,2022,9,CIN,42,21,CAR,CIN,1,1
2551,2022,9,DET,15,9,GB,GB,0,1
2552,2022,9,JAX,27,20,LVR,LVR,0,1
2553,2022,9,KC,20,17,TEN,KC,1,1
2554,2022,9,NE,26,3,IND,NE,1,1
2555,2022,9,NYJ,20,17,BUF,BUF,0,1
2556,2022,9,TB,16,13,LAR,TB,1,1
2557,2022,9,WAS,17,20,MIN,MIN,1,0
2558,2022,9,NO,13,27,BAL,BAL,1,0
2559,2022,10,CAR,25,15,ATL,ATL,0,1
2560,2022,10,BUF,30,33,MIN,BUF,0,0
2561,2022,10,CHI,30,31,DET,CHI,0,0
2562,2022,10,GB,31,28,DAL,DAL,0,1
2563,2022,10,KC,27,17,JAX,KC,1,1
2564,2022,10,LVR,20,25,IND,LVR,0,0
2565,2022,10,LAR,17,27,ARI,LAR,0,0
2566,2022,10,MIA,39,17,CLE,MIA,1,1
2567,2022,10,NYG,24,16,HOU,NYG,1,1
2568,2022,10,PIT,20,10,NO,PIT,1,1
2569,2022,10,SF,22,16,LAC,SF,1,1
2570,2022,10,TB,21,16,SEA,TB,1,1
2571,2022,10,TEN,17,10,DEN,TEN,1,1
2572,2022,10,PHI,21,32,WAS,PHI,0,0
2573,2022,11,GB,17,27,TEN,GB,0,0
2574,2022,11,ATL,27,24,CHI,ATL,1,1
2575,2022,11,BAL,13,3,CAR,BAL,1,1
2576,2022,11,BUF,31,23,CLE,BUF,1,1
2577,2022,11,DEN,16,22,LVR,DEN,0,0
2578,2022,11,HOU,10,23,WAS,WAS,1,0
2579,2022,11,IND,16,17,PHI,PHI,1,0
2580,2022,11,LAC,27,30,KC,KC,1,0
2581,2022,11,MIN,3,40,DAL,DAL,1,0
2582,2022,11,NE,10,3,NYJ,NE,1,1
2583,2022,11,NO,27,20,LAR,NO,1,1
2584,2022,11,NYG,18,31,DET,NYG,0,0
2585,2022,11,PIT,30,37,CIN,CIN,1,0
2586,2022,11,ARI,10,38,SF,SF,1,0
2587,2022,12,DAL,28,20,NYG,DAL,1,1
2588,2022,12,DET,25,28,BUF,BUF,1,0
2589,2022,12,MIN,33,26,NE,MIN,1,1
2590,2022,12,ARI,24,25,LAC,LAC,1,0
2591,2022,12,CAR,23,10,DEN,DEN,0,1
2592,2022,12,CLE,23,17,TB,TB,0,1
2593,2022,12,JAX,28,27,BAL,BAL,0,1
2594,2022,12,KC,26,10,LAR,KC,1,1
2595,2022,12,MIA,30,15,HOU,MIA,1,1
2596,2022,12,NYJ,31,10,CHI,NYJ,1,1
2597,2022,12,PHI,40,33,GB,PHI,1,1
2598,2022,12,SF,13,0,NO,SF,1,1
2599,2022,12,SEA,34,40,LVR,SEA,0,0
2600,2022,12,TEN,16,20,CIN,CIN,1,0
2601,2022,12,WAS,19,13,ATL,WAS,1,1
2602,2022,12,IND,17,24,PIT,IND,0,0
2603,2022,13,NE,10,24,BUF,BUF,1,0
2604,2022,13,ATL,16,19,PIT,PIT,1,0
2605,2022,13,BAL,10,9,DEN,BAL,1,1
2606,2022,13,CHI,19,28,GB,GB,1,0
2607,2022,13,CIN,27,24,KC,KC,0,1
2608,2022,13,DAL,54,19,IND,DAL,1,1
2609,2022,13,DET,40,14,JAX,DET,1,1
2610,2022,13,HOU,14,27,CLE,CLE,1,0
2611,2022,13,LVR,27,20,LAC,LVR,1,1
2612,2022,13,LAR,23,27,SEA,SEA,1,0
2613,2022,13,MIN,27,22,NYJ,MIN,1,1
2614,2022,13,NYG,20,20,WAS,WAS,1,0
2615,2022,13,PHI,35,10,TEN,PHI,1,1
2616,2022,13,SF,33,17,MIA,SF,1,1
2617,2022,13,TB,17,16,NO,TB,1,1
2618,2022,14,LAR,17,16,LVR,LVR,0,1
2619,2022,14,BUF,20,12,NYJ,BUF,1,1
2620,2022,14,CIN,23,10,CLE,CIN,1,1
2621,2022,14,DAL,27,23,HOU,DAL,1,1
2622,2022,14,DEN,28,34,KC,KC,1,0
2623,2022,14,DET,34,23,MIN,DET,1,1
2624,2022,14,LAC,23,17,MIA,MIA,0,1
2625,2022,14,NYG,22,48,PHI,PHI,1,0
2626,2022,14,PIT,14,16,BAL,PIT,0,0
2627,2022,14,SF,35,7,TB,SF,1,1
2628,2022,14,SEA,24,30,CAR,SEA,0,0
2629,2022,14,TEN,22,36,JAX,TEN,0,0
2630,2022,14,ARI,13,27,NE,NE,1,0
2631,2022,15,SEA,13,21,SF,SF,1,0
2632,2022,15,BUF,32,29,MIA,BUF,1,1
2633,2022,15,CLE,13,3,BAL,CLE,1,1
2634,2022,15,MIN,39,36,IND,MIN,1,1
2635,2022,15,CAR,16,24,PIT,CAR,0,0
2636,2022,15,CHI,20,25,PHI,PHI,1,0
2637,2022,15,DEN,24,15,ARI,DEN,1,1
2638,2022,15,HOU,24,30,KC,KC,1,0
2639,2022,15,JAX,40,34,DAL,DAL,0,1
2640,2022,15,LVR,30,24,NE,LVR,1,1
2641,2022,15,LAC,17,14,TEN,LAC,1,1
2642,2022,15,NO,21,18,ATL,NO,1,1
2643,2022,15,NYJ,17,20,DET,NYJ,0,0
2644,2022,15,TB,23,34,CIN,CIN,1,0
2645,2022,15,WAS,12,20,NYG,WAS,0,0
2646,2022,15,GB,24,12,LAR,GB,1,1
2647,2022,16,NYJ,3,19,JAX,NYJ,0,0
2648,2022,16,BAL,17,9,ATL,BAL,1,1
2649,2022,16,CAR,37,23,DET,DET,0,1
2650,2022,16,CHI,13,35,BUF,BUF,1,0
2651,2022,16,CLE,10,17,NO,CLE,0,0
2652,2022,16,DAL,40,34,PHI,DAL,1,1
2653,2022,16,KC,24,10,SEA,KC,1,1
2654,2022,16,MIN,27,24,NYG,MIN,1,1
2655,2022,16,NE,18,22,CIN,CIN,1,0
2656,2022,16,PIT,13,10,LVR,PIT,1,1
2657,2022,16,SF,37,20,WAS,SF,1,1
2658,2022,16,TEN,14,19,HOU,TEN,0,0
2659,2022,16,ARI,16,19,TB,TB,1,0
2660,2022,16,LAR,51,14,DEN,DEN,0,1
2661,2022,16,MIA,20,26,GB,MIA,0,0
2662,2022,16,IND,3,20,LAC,LAC,1,0
2663,2022,17,TEN,13,27,DAL,DAL,1,0
2664,2022,17,ATL,20,19,ARI,ATL,1,1
2665,2022,17,BAL,13,16,PIT,BAL,0,0
2666,2022,17,DET,41,10,CHI,DET,1,1
2667,2022,17,GB,41,17,MIN,GB,1,1
2668,2022,17,HOU,3,31,JAX,JAX,1,0
2669,2022,17,KC,27,24,DEN,KC,1,1
2670,2022,17,LVR,34,37,SF,SF,1,0
2671,2022,17,LAC,31,10,LAR,LAC,1,1
2672,2022,17,NE,23,21,MIA,NE,1,1
2673,2022,17,NYG,38,10,IND,NYG,1,1
2674,2022,17,PHI,10,20,NO,PHI,0,0
2675,2022,17,SEA,23,6,NYJ,NYJ,0,1
2676,2022,17,TB,30,24,CAR,TB,1,1
2677,2022,17,WAS,10,24,CLE,WAS,0,0
2678,2022,18,JAX,20,16,TEN,JAX,1,1
2679,2022,18,LVR,13,31,KC,KC,1,0
2680,2022,18,ATL,30,17,TB,ATL,1,1
2681,2022,18,BUF,35,23,NE,BUF,1,1
2682,2022,18,CHI,13,29,MIN,MIN,1,0
2683,2022,18,CIN,27,16,BAL,CIN,1,1
2684,2022,18,DEN,31,28,LAC,DEN,1,1
2685,2022,18,GB,16,20,DET,GB,0,0
2686,2022,18,IND,31,32,HOU,IND,0,0
2687,2022,18,MIA,11,6,NYJ,MIA,1,1
2688,2022,18,NO,7,10,CAR,NO,0,0
2689,2022,18,PHI,22,16,NYG,PHI,1,1
2690,2022,18,PIT,28,14,CLE,PIT,1,1
2691,2022,18,SF,38,13,ARI,SF,1,1
2692,2022,18,SEA,19,16,LAR,SEA,1,1
2693,2022,18,WAS,26,6,DAL,DAL,0,1
2694,2022,Wildcard,JAX,31,30,LAC,LAC,0,1
2695,2022,Wildcard,SF,41,23,SEA,SF,1,1
2696,2022,Wildcard,BUF,34,31,MIA,BUF,1,1
2697,2022,Wildcard,CIN,24,17,BAL,CIN,1,1
2698,2022,Wildcard,MIN,24,31,NYG,MIN,0,0
2699,2022,Wildcard,TB,14,31,DAL,DAL,1,0
2700,2022,Division,KC,27,20,JAX,KC,1,1
2701,2022,Division,PHI,38,7,NYG,PHI,1,1
2702,2022,Division,BUF,10,27,CIN,BUF,0,0
2703,2022,Division,SF,19,12,DAL,SF,1,1
2704,2022,Conference,KC,23,20,CIN,KC,1,1
2705,2022,Conference,PHI,31,7,SF,PHI,1,1
2706,2022,Superbowl,PHI,35,38,KC,PHI,0,0
